Loan_ID,Gender,Married,Dependents,Education,Self_Employed,ApplicantIncome,CoapplicantIncome,LoanAmount,Loan_Amount_Term,Credit_History,Property_Area,Loan_Status,TotalIncome,IncomeToLoanRatio,EMI,BalanceIncome,FamilySize,HasCreditHistory,IsGraduate,IsSelfEmployed,IncomeBand,LoanAmtBand,TermBand
LP001002,Male,N,0,Graduate,N,5849,0.0,,360.0,1.0,Urban,Y,5849.0,0.041426539654408505,365.2777777777778,4970.333333333333,1,1,1,0,5–10k,Unknown,301–360
LP001003,Male,Y,1,Graduate,N,4583,1508.0,128.0,360.0,1.0,Rural,N,6091.0,0.0475859375,355.55555555555554,5735.444444444444,3,1,1,0,5–10k,100–150k,301–360
LP001005,Male,Y,0,Graduate,Y,3000,0.0,66.0,360.0,1.0,Urban,Y,3000.0,0.045454545454545456,183.33333333333334,2816.6666666666665,2,1,1,1,2.5–5k,<100k,301–360
LP001006,Male,Y,0,Not Graduate,N,2583,2358.0,120.0,360.0,1.0,Urban,Y,4941.0,0.041175,333.3333333333333,4607.666666666667,2,1,0,0,2.5–5k,100–150k,301–360
LP001008,Male,N,0,Graduate,N,6000,0.0,141.0,360.0,1.0,Urban,Y,6000.0,0.0425531914893617,391.6666666666667,5608.333333333333,1,1,1,0,5–10k,100–150k,301–360
LP001011,Male,Y,2,Graduate,Y,5417,4196.0,267.0,360.0,1.0,Urban,Y,9613.0,0.03600374531835206,741.6666666666666,8871.333333333334,4,1,1,1,5–10k,200–300k,301–360
LP001013,Male,Y,0,Not Graduate,N,2333,1516.0,95.0,360.0,1.0,Urban,Y,3849.0,0.04051578947368421,263.8888888888889,3585.1111111111113,2,1,0,0,2.5–5k,<100k,301–360
LP001014,Male,Y,3,Graduate,N,3036,2504.0,158.0,360.0,0.0,Semiurban,N,5540.0,0.035063291139240504,438.8888888888889,5101.111111111111,5,0,1,0,5–10k,150–200k,301–360
LP001018,Male,Y,2,Graduate,N,4006,1526.0,168.0,360.0,1.0,Urban,Y,5532.0,0.032928571428571425,466.6666666666667,5065.333333333333,4,1,1,0,5–10k,150–200k,301–360
LP001020,Male,Y,1,Graduate,N,12841,10968.0,349.0,360.0,1.0,Semiurban,N,23809.0,0.06822063037249283,969.4444444444445,22839.555555555555,3,1,1,0,>20k,>300k,301–360
LP001024,Male,Y,2,Graduate,N,3200,700.0,70.0,360.0,1.0,Urban,Y,3900.0,0.055714285714285716,194.44444444444446,3705.5555555555557,4,1,1,0,2.5–5k,<100k,301–360
LP001027,Male,Y,2,Graduate,,2500,1840.0,109.0,360.0,1.0,Urban,Y,4340.0,0.03981651376146789,302.77777777777777,4037.222222222222,4,1,1,0,2.5–5k,100–150k,301–360
LP001028,Male,Y,2,Graduate,N,3073,8106.0,200.0,360.0,1.0,Urban,Y,11179.0,0.055895,555.5555555555555,10623.444444444445,4,1,1,0,10–20k,150–200k,301–360
LP001029,Male,N,0,Graduate,N,1853,2840.0,114.0,360.0,1.0,Rural,N,4693.0,0.041166666666666664,316.6666666666667,4376.333333333333,1,1,1,0,2.5–5k,100–150k,301–360
LP001030,Male,Y,2,Graduate,N,1299,1086.0,17.0,120.0,1.0,Urban,Y,2385.0,0.14029411764705882,141.66666666666666,2243.3333333333335,4,1,1,0,<2.5k,<100k,<=180
LP001032,Male,N,0,Graduate,N,4950,0.0,125.0,360.0,1.0,Urban,Y,4950.0,0.0396,347.22222222222223,4602.777777777777,1,1,1,0,2.5–5k,100–150k,301–360
LP001034,Male,N,1,Not Graduate,N,3596,0.0,100.0,240.0,,Urban,Y,3596.0,0.03596,416.6666666666667,3179.3333333333335,2,0,0,0,2.5–5k,<100k,181–240
LP001036,Female,N,0,Graduate,N,3510,0.0,76.0,360.0,0.0,Urban,N,3510.0,0.04618421052631579,211.11111111111111,3298.8888888888887,1,0,1,0,2.5–5k,<100k,301–360
LP001038,Male,Y,0,Not Graduate,N,4887,0.0,133.0,360.0,1.0,Rural,N,4887.0,0.03674436090225564,369.44444444444446,4517.555555555556,2,1,0,0,2.5–5k,100–150k,301–360
LP001041,Male,Y,0,Graduate,,2600,3500.0,115.0,,1.0,Urban,Y,6100.0,0.05304347826086957,365.2777777777778,4970.333333333333,2,1,1,0,5–10k,100–150k,Unknown
LP001043,Male,Y,0,Not Graduate,N,7660,0.0,104.0,360.0,0.0,Urban,N,7660.0,0.07365384615384615,288.8888888888889,7371.111111111111,2,0,0,0,5–10k,100–150k,301–360
LP001046,Male,Y,1,Graduate,N,5955,5625.0,315.0,360.0,1.0,Urban,Y,11580.0,0.03676190476190476,875.0,10705.0,3,1,1,0,10–20k,>300k,301–360
LP001047,Male,Y,0,Not Graduate,N,2600,1911.0,116.0,360.0,0.0,Semiurban,N,4511.0,0.03888793103448276,322.22222222222223,4188.777777777777,2,0,0,0,2.5–5k,100–150k,301–360
LP001050,Nan,Y,2,Not Graduate,N,3365,1917.0,112.0,360.0,0.0,Rural,N,5282.0,0.047160714285714285,311.1111111111111,4970.888888888889,4,0,0,0,5–10k,100–150k,301–360
LP001052,Male,Y,1,Graduate,,3717,2925.0,151.0,360.0,,Semiurban,N,6642.0,0.04398675496688742,419.44444444444446,6222.555555555556,3,0,1,0,5–10k,150–200k,301–360
LP001066,Male,Y,0,Graduate,Y,9560,0.0,191.0,360.0,1.0,Semiurban,Y,9560.0,0.05005235602094241,530.5555555555555,9029.444444444445,2,1,1,1,5–10k,150–200k,301–360
LP001068,Male,Y,0,Graduate,N,2799,2253.0,122.0,360.0,1.0,Semiurban,Y,5052.0,0.04140983606557377,338.8888888888889,4713.111111111111,2,1,1,0,5–10k,100–150k,301–360
LP001073,Male,Y,2,Not Graduate,N,4226,1040.0,110.0,360.0,1.0,Urban,Y,5266.0,0.047872727272727275,305.55555555555554,4960.444444444444,4,1,0,0,5–10k,100–150k,301–360
LP001086,Male,N,0,Not Graduate,N,1442,0.0,35.0,360.0,1.0,Urban,N,1442.0,0.0412,97.22222222222223,1344.7777777777778,1,1,0,0,<2.5k,<100k,301–360
LP001087,Female,N,2,Graduate,,3750,2083.0,120.0,360.0,1.0,Semiurban,Y,5833.0,0.04860833333333334,333.3333333333333,5499.666666666667,3,1,1,0,5–10k,100–150k,301–360
LP001091,Male,Y,1,Graduate,,4166,3369.0,201.0,360.0,,Urban,N,7535.0,0.037487562189054725,558.3333333333334,6976.666666666667,3,0,1,0,5–10k,200–300k,301–360
LP001095,Male,N,0,Graduate,N,3167,0.0,74.0,360.0,1.0,Urban,N,3167.0,0.042797297297297296,205.55555555555554,2961.4444444444443,1,1,1,0,2.5–5k,<100k,301–360
LP001097,Male,N,1,Graduate,Y,4692,0.0,106.0,360.0,1.0,Rural,N,4692.0,0.044264150943396224,294.44444444444446,4397.555555555556,2,1,1,1,2.5–5k,100–150k,301–360
LP001098,Male,Y,0,Graduate,N,3500,1667.0,114.0,360.0,1.0,Semiurban,Y,5167.0,0.045324561403508774,316.6666666666667,4850.333333333333,2,1,1,0,5–10k,100–150k,301–360
LP001100,Male,N,3,Graduate,N,12500,3000.0,320.0,360.0,1.0,Rural,N,15500.0,0.0484375,888.8888888888889,14611.111111111111,4,1,1,0,10–20k,>300k,301–360
LP001106,Male,Y,0,Graduate,N,2275,2067.0,,360.0,1.0,Urban,Y,4342.0,0.041426539654408505,365.2777777777778,4970.333333333333,2,1,1,0,2.5–5k,Unknown,301–360
LP001109,Male,Y,0,Graduate,N,1828,1330.0,100.0,,0.0,Urban,N,3158.0,0.03158,365.2777777777778,4970.333333333333,2,0,1,0,2.5–5k,<100k,Unknown
LP001112,Female,Y,0,Graduate,N,3667,1459.0,144.0,360.0,1.0,Semiurban,Y,5126.0,0.035597222222222225,400.0,4726.0,2,1,1,0,5–10k,100–150k,301–360
LP001114,Male,N,0,Graduate,N,4166,7210.0,184.0,360.0,1.0,Urban,Y,11376.0,0.06182608695652174,511.1111111111111,10864.888888888889,1,1,1,0,10–20k,150–200k,301–360
LP001116,Male,N,0,Not Graduate,N,3748,1668.0,110.0,360.0,1.0,Semiurban,Y,5416.0,0.049236363636363634,305.55555555555554,5110.444444444444,1,1,0,0,5–10k,100–150k,301–360
LP001119,Male,N,0,Graduate,N,3600,0.0,80.0,360.0,1.0,Urban,N,3600.0,0.045,222.22222222222223,3377.777777777778,1,1,1,0,2.5–5k,<100k,301–360
LP001120,Male,N,0,Graduate,N,1800,1213.0,47.0,360.0,1.0,Urban,Y,3013.0,0.0641063829787234,130.55555555555554,2882.4444444444443,1,1,1,0,2.5–5k,<100k,301–360
LP001123,Male,Y,0,Graduate,N,2400,0.0,75.0,360.0,,Urban,Y,2400.0,0.032,208.33333333333334,2191.6666666666665,2,0,1,0,<2.5k,<100k,301–360
LP001131,Male,Y,0,Graduate,N,3941,2336.0,134.0,360.0,1.0,Semiurban,Y,6277.0,0.04684328358208955,372.22222222222223,5904.777777777777,2,1,1,0,5–10k,100–150k,301–360
LP001136,Male,Y,0,Not Graduate,Y,4695,0.0,96.0,,1.0,Urban,Y,4695.0,0.04890625,365.2777777777778,4970.333333333333,2,1,0,1,2.5–5k,<100k,Unknown
LP001137,Female,N,0,Graduate,N,3410,0.0,88.0,,1.0,Urban,Y,3410.0,0.03875,365.2777777777778,4970.333333333333,1,1,1,0,2.5–5k,<100k,Unknown
LP001138,Male,Y,1,Graduate,N,5649,0.0,44.0,360.0,1.0,Urban,Y,5649.0,0.12838636363636363,122.22222222222223,5526.777777777777,3,1,1,0,5–10k,<100k,301–360
LP001144,Male,Y,0,Graduate,N,5821,0.0,144.0,360.0,1.0,Urban,Y,5821.0,0.04042361111111111,400.0,5421.0,2,1,1,0,5–10k,100–150k,301–360
LP001146,Female,Y,0,Graduate,N,2645,3440.0,120.0,360.0,0.0,Urban,N,6085.0,0.050708333333333334,333.3333333333333,5751.666666666667,2,0,1,0,5–10k,100–150k,301–360
LP001151,Female,N,0,Graduate,N,4000,2275.0,144.0,360.0,1.0,Semiurban,Y,6275.0,0.04357638888888889,400.0,5875.0,1,1,1,0,5–10k,100–150k,301–360
LP001155,Female,Y,0,Not Graduate,N,1928,1644.0,100.0,360.0,1.0,Semiurban,Y,3572.0,0.03572,277.77777777777777,3294.222222222222,2,1,0,0,2.5–5k,<100k,301–360
LP001157,Female,N,0,Graduate,N,3086,0.0,120.0,360.0,1.0,Semiurban,Y,3086.0,0.025716666666666665,333.3333333333333,2752.6666666666665,1,1,1,0,2.5–5k,100–150k,301–360
LP001164,Female,N,0,Graduate,N,4230,0.0,112.0,360.0,1.0,Semiurban,N,4230.0,0.037767857142857145,311.1111111111111,3918.8888888888887,1,1,1,0,2.5–5k,100–150k,301–360
LP001179,Male,Y,2,Graduate,N,4616,0.0,134.0,360.0,1.0,Urban,N,4616.0,0.03444776119402985,372.22222222222223,4243.777777777777,4,1,1,0,2.5–5k,100–150k,301–360
LP001186,Female,Y,1,Graduate,Y,11500,0.0,286.0,360.0,0.0,Urban,N,11500.0,0.04020979020979021,794.4444444444445,10705.555555555555,3,0,1,1,10–20k,200–300k,301–360
LP001194,Male,Y,2,Graduate,N,2708,1167.0,97.0,360.0,1.0,Semiurban,Y,3875.0,0.03994845360824742,269.44444444444446,3605.5555555555557,4,1,1,0,2.5–5k,<100k,301–360
LP001195,Male,Y,0,Graduate,N,2132,1591.0,96.0,360.0,1.0,Semiurban,Y,3723.0,0.03878125,266.6666666666667,3456.3333333333335,2,1,1,0,2.5–5k,<100k,301–360
LP001197,Male,Y,0,Graduate,N,3366,2200.0,135.0,360.0,1.0,Rural,N,5566.0,0.04122962962962963,375.0,5191.0,2,1,1,0,5–10k,100–150k,301–360
LP001198,Male,Y,1,Graduate,N,8080,2250.0,180.0,360.0,1.0,Urban,Y,10330.0,0.05738888888888889,500.0,9830.0,3,1,1,0,10–20k,150–200k,301–360
LP001199,Male,Y,2,Not Graduate,N,3357,2859.0,144.0,360.0,1.0,Urban,Y,6216.0,0.043166666666666666,400.0,5816.0,4,1,0,0,5–10k,100–150k,301–360
LP001205,Male,Y,0,Graduate,N,2500,3796.0,120.0,360.0,1.0,Urban,Y,6296.0,0.05246666666666667,333.3333333333333,5962.666666666667,2,1,1,0,5–10k,100–150k,301–360
LP001206,Male,Y,3,Graduate,N,3029,0.0,99.0,360.0,1.0,Urban,Y,3029.0,0.030595959595959597,275.0,2754.0,5,1,1,0,2.5–5k,<100k,301–360
LP001207,Male,Y,0,Not Graduate,Y,2609,3449.0,165.0,180.0,0.0,Rural,N,6058.0,0.03671515151515151,916.6666666666666,5141.333333333333,2,0,0,1,5–10k,150–200k,<=180
LP001213,Male,Y,1,Graduate,N,4945,0.0,,360.0,0.0,Rural,N,4945.0,0.041426539654408505,365.2777777777778,4970.333333333333,3,0,1,0,2.5–5k,Unknown,301–360
LP001222,Female,N,0,Graduate,N,4166,0.0,116.0,360.0,0.0,Semiurban,N,4166.0,0.03591379310344828,322.22222222222223,3843.777777777778,1,0,1,0,2.5–5k,100–150k,301–360
LP001225,Male,Y,0,Graduate,N,5726,4595.0,258.0,360.0,1.0,Semiurban,N,10321.0,0.04000387596899225,716.6666666666666,9604.333333333334,2,1,1,0,10–20k,200–300k,301–360
LP001228,Male,N,0,Not Graduate,N,3200,2254.0,126.0,180.0,0.0,Urban,N,5454.0,0.04328571428571429,700.0,4754.0,1,0,0,0,5–10k,100–150k,<=180
LP001233,Male,Y,1,Graduate,N,10750,0.0,312.0,360.0,1.0,Urban,Y,10750.0,0.03445512820512821,866.6666666666666,9883.333333333334,3,1,1,0,10–20k,>300k,301–360
LP001238,Male,Y,3,Not Graduate,Y,7100,0.0,125.0,60.0,1.0,Urban,Y,7100.0,0.0568,2083.3333333333335,5016.666666666666,5,1,0,1,5–10k,100–150k,<=180
LP001241,Female,N,0,Graduate,N,4300,0.0,136.0,360.0,0.0,Semiurban,N,4300.0,0.03161764705882353,377.77777777777777,3922.222222222222,1,0,1,0,2.5–5k,100–150k,301–360
LP001243,Male,Y,0,Graduate,N,3208,3066.0,172.0,360.0,1.0,Urban,Y,6274.0,0.03647674418604651,477.77777777777777,5796.222222222223,2,1,1,0,5–10k,150–200k,301–360
LP001245,Male,Y,2,Not Graduate,Y,1875,1875.0,97.0,360.0,1.0,Semiurban,Y,3750.0,0.03865979381443299,269.44444444444446,3480.5555555555557,4,1,0,1,2.5–5k,<100k,301–360
LP001248,Male,N,0,Graduate,N,3500,0.0,81.0,300.0,1.0,Semiurban,Y,3500.0,0.043209876543209874,270.0,3230.0,1,1,1,0,2.5–5k,<100k,241–300
LP001250,Male,Y,3,Not Graduate,N,4755,0.0,95.0,,0.0,Semiurban,N,4755.0,0.05005263157894737,365.2777777777778,4970.333333333333,5,0,0,0,2.5–5k,<100k,Unknown
LP001253,Male,Y,3,Graduate,Y,5266,1774.0,187.0,360.0,1.0,Semiurban,Y,7040.0,0.03764705882352941,519.4444444444445,6520.555555555556,5,1,1,1,5–10k,150–200k,301–360
LP001255,Male,N,0,Graduate,N,3750,0.0,113.0,480.0,1.0,Urban,N,3750.0,0.033185840707964605,235.41666666666666,3514.5833333333335,1,1,1,0,2.5–5k,100–150k,>360
LP001256,Male,N,0,Graduate,N,3750,4750.0,176.0,360.0,1.0,Urban,N,8500.0,0.048295454545454544,488.8888888888889,8011.111111111111,1,1,1,0,5–10k,150–200k,301–360
LP001259,Male,Y,1,Graduate,Y,1000,3022.0,110.0,360.0,1.0,Urban,N,4022.0,0.03656363636363636,305.55555555555554,3716.4444444444443,3,1,1,1,2.5–5k,100–150k,301–360
LP001263,Male,Y,3,Graduate,N,3167,4000.0,180.0,300.0,0.0,Semiurban,N,7167.0,0.03981666666666667,600.0,6567.0,5,0,1,0,5–10k,150–200k,241–300
LP001264,Male,Y,3,Not Graduate,Y,3333,2166.0,130.0,360.0,,Semiurban,Y,5499.0,0.0423,361.1111111111111,5137.888888888889,5,0,0,1,5–10k,100–150k,301–360
LP001265,Female,N,0,Graduate,N,3846,0.0,111.0,360.0,1.0,Semiurban,Y,3846.0,0.034648648648648646,308.3333333333333,3537.6666666666665,1,1,1,0,2.5–5k,100–150k,301–360
LP001266,Male,Y,1,Graduate,Y,2395,0.0,,360.0,1.0,Semiurban,Y,2395.0,0.041426539654408505,365.2777777777778,4970.333333333333,3,1,1,1,<2.5k,Unknown,301–360
LP001267,Female,Y,2,Graduate,N,1378,1881.0,167.0,360.0,1.0,Urban,N,3259.0,0.01951497005988024,463.8888888888889,2795.1111111111113,4,1,1,0,2.5–5k,150–200k,301–360
LP001273,Male,Y,0,Graduate,N,6000,2250.0,265.0,360.0,,Semiurban,N,8250.0,0.031132075471698113,736.1111111111111,7513.888888888889,2,0,1,0,5–10k,200–300k,301–360
LP001275,Male,Y,1,Graduate,N,3988,0.0,50.0,240.0,1.0,Urban,Y,3988.0,0.07976,208.33333333333334,3779.6666666666665,3,1,1,0,2.5–5k,<100k,181–240
LP001279,Male,N,0,Graduate,N,2366,2531.0,136.0,360.0,1.0,Semiurban,Y,4897.0,0.03600735294117647,377.77777777777777,4519.222222222223,1,1,1,0,2.5–5k,100–150k,301–360
LP001280,Male,Y,2,Not Graduate,N,3333,2000.0,99.0,360.0,,Semiurban,Y,5333.0,0.05386868686868687,275.0,5058.0,4,0,0,0,5–10k,<100k,301–360
LP001282,Male,Y,0,Graduate,N,2500,2118.0,104.0,360.0,1.0,Semiurban,Y,4618.0,0.044403846153846155,288.8888888888889,4329.111111111111,2,1,1,0,2.5–5k,100–150k,301–360
LP001289,Male,N,0,Graduate,N,8566,0.0,210.0,360.0,1.0,Urban,Y,8566.0,0.04079047619047619,583.3333333333334,7982.666666666667,1,1,1,0,5–10k,200–300k,301–360
LP001310,Male,Y,0,Graduate,N,5695,4167.0,175.0,360.0,1.0,Semiurban,Y,9862.0,0.05635428571428571,486.1111111111111,9375.888888888889,2,1,1,0,5–10k,150–200k,301–360
LP001316,Male,Y,0,Graduate,N,2958,2900.0,131.0,360.0,1.0,Semiurban,Y,5858.0,0.044717557251908395,363.8888888888889,5494.111111111111,2,1,1,0,5–10k,100–150k,301–360
LP001318,Male,Y,2,Graduate,N,6250,5654.0,188.0,180.0,1.0,Semiurban,Y,11904.0,0.06331914893617022,1044.4444444444443,10859.555555555555,4,1,1,0,10–20k,150–200k,<=180
LP001319,Male,Y,2,Not Graduate,N,3273,1820.0,81.0,360.0,1.0,Urban,Y,5093.0,0.06287654320987654,225.0,4868.0,4,1,0,0,5–10k,<100k,301–360
LP001322,Male,N,0,Graduate,N,4133,0.0,122.0,360.0,1.0,Semiurban,Y,4133.0,0.03387704918032787,338.8888888888889,3794.1111111111113,1,1,1,0,2.5–5k,100–150k,301–360
LP001325,Male,N,0,Not Graduate,N,3620,0.0,25.0,120.0,1.0,Semiurban,Y,3620.0,0.1448,208.33333333333334,3411.6666666666665,1,1,0,0,2.5–5k,<100k,<=180
LP001326,Male,N,0,Graduate,,6782,0.0,,360.0,,Urban,N,6782.0,0.041426539654408505,365.2777777777778,4970.333333333333,1,0,1,0,5–10k,Unknown,301–360
LP001327,Female,Y,0,Graduate,N,2484,2302.0,137.0,360.0,1.0,Semiurban,Y,4786.0,0.034934306569343064,380.55555555555554,4405.444444444444,2,1,1,0,2.5–5k,100–150k,301–360
LP001333,Male,Y,0,Graduate,N,1977,997.0,50.0,360.0,1.0,Semiurban,Y,2974.0,0.05948,138.88888888888889,2835.1111111111113,2,1,1,0,2.5–5k,<100k,301–360
LP001334,Male,Y,0,Not Graduate,N,4188,0.0,115.0,180.0,1.0,Semiurban,Y,4188.0,0.036417391304347825,638.8888888888889,3549.1111111111113,2,1,0,0,2.5–5k,100–150k,<=180
LP001343,Male,Y,0,Graduate,N,1759,3541.0,131.0,360.0,1.0,Semiurban,Y,5300.0,0.04045801526717557,363.8888888888889,4936.111111111111,2,1,1,0,5–10k,100–150k,301–360
LP001345,Male,Y,2,Not Graduate,N,4288,3263.0,133.0,180.0,1.0,Urban,Y,7551.0,0.05677443609022556,738.8888888888889,6812.111111111111,4,1,0,0,5–10k,100–150k,<=180
LP001349,Male,N,0,Graduate,N,4843,3806.0,151.0,360.0,1.0,Semiurban,Y,8649.0,0.05727814569536424,419.44444444444446,8229.555555555555,1,1,1,0,5–10k,150–200k,301–360
LP001350,Male,Y,0,Graduate,N,13650,0.0,,360.0,1.0,Urban,Y,13650.0,0.041426539654408505,365.2777777777778,4970.333333333333,2,1,1,0,10–20k,Unknown,301–360
LP001356,Male,Y,0,Graduate,N,4652,3583.0,,360.0,1.0,Semiurban,Y,8235.0,0.041426539654408505,365.2777777777778,4970.333333333333,2,1,1,0,5–10k,Unknown,301–360
LP001357,Male,,0,Graduate,N,3816,754.0,160.0,360.0,1.0,Urban,Y,4570.0,0.0285625,444.44444444444446,4125.555555555556,1,1,1,0,2.5–5k,150–200k,301–360
LP001367,Male,Y,1,Graduate,N,3052,1030.0,100.0,360.0,1.0,Urban,Y,4082.0,0.04082,277.77777777777777,3804.222222222222,3,1,1,0,2.5–5k,<100k,301–360
LP001369,Male,Y,2,Graduate,N,11417,1126.0,225.0,360.0,1.0,Urban,Y,12543.0,0.05574666666666667,625.0,11918.0,4,1,1,0,10–20k,200–300k,301–360
LP001370,Male,N,0,Not Graduate,,7333,0.0,120.0,360.0,1.0,Rural,N,7333.0,0.061108333333333334,333.3333333333333,6999.666666666667,1,1,0,0,5–10k,100–150k,301–360
LP001379,Male,Y,2,Graduate,N,3800,3600.0,216.0,360.0,0.0,Urban,N,7400.0,0.03425925925925926,600.0,6800.0,4,0,1,0,5–10k,200–300k,301–360
LP001384,Male,Y,3,Not Graduate,N,2071,754.0,94.0,480.0,1.0,Semiurban,Y,2825.0,0.0300531914893617,195.83333333333334,2629.1666666666665,5,1,0,0,2.5–5k,<100k,>360
LP001385,Male,N,0,Graduate,N,5316,0.0,136.0,360.0,1.0,Urban,Y,5316.0,0.039088235294117646,377.77777777777777,4938.222222222223,1,1,1,0,5–10k,100–150k,301–360
LP001387,Female,Y,0,Graduate,,2929,2333.0,139.0,360.0,1.0,Semiurban,Y,5262.0,0.03785611510791367,386.1111111111111,4875.888888888889,2,1,1,0,5–10k,100–150k,301–360
LP001391,Male,Y,0,Not Graduate,N,3572,4114.0,152.0,,0.0,Rural,N,7686.0,0.05056578947368421,365.2777777777778,4970.333333333333,2,0,0,0,5–10k,150–200k,Unknown
LP001392,Female,N,1,Graduate,Y,7451,0.0,,360.0,1.0,Semiurban,Y,7451.0,0.041426539654408505,365.2777777777778,4970.333333333333,2,1,1,1,5–10k,Unknown,301–360
LP001398,Male,N,0,Graduate,,5050,0.0,118.0,360.0,1.0,Semiurban,Y,5050.0,0.042796610169491524,327.77777777777777,4722.222222222223,1,1,1,0,5–10k,100–150k,301–360
LP001401,Male,Y,1,Graduate,N,14583,0.0,185.0,180.0,1.0,Rural,Y,14583.0,0.07882702702702703,1027.7777777777778,13555.222222222223,3,1,1,0,10–20k,150–200k,<=180
LP001404,Female,Y,0,Graduate,N,3167,2283.0,154.0,360.0,1.0,Semiurban,Y,5450.0,0.03538961038961039,427.77777777777777,5022.222222222223,2,1,1,0,5–10k,150–200k,301–360
LP001405,Male,Y,1,Graduate,N,2214,1398.0,85.0,360.0,,Urban,Y,3612.0,0.04249411764705882,236.11111111111111,3375.8888888888887,3,0,1,0,2.5–5k,<100k,301–360
LP001421,Male,Y,0,Graduate,N,5568,2142.0,175.0,360.0,1.0,Rural,N,7710.0,0.04405714285714286,486.1111111111111,7223.888888888889,2,1,1,0,5–10k,150–200k,301–360
LP001422,Female,N,0,Graduate,N,10408,0.0,259.0,360.0,1.0,Urban,Y,10408.0,0.04018532818532818,719.4444444444445,9688.555555555555,1,1,1,0,10–20k,200–300k,301–360
LP001426,Male,Y,0,Graduate,N,5667,2667.0,180.0,360.0,1.0,Rural,Y,8334.0,0.0463,500.0,7834.0,2,1,1,0,5–10k,150–200k,301–360
LP001430,Female,N,0,Graduate,N,4166,0.0,44.0,360.0,1.0,Semiurban,Y,4166.0,0.09468181818181819,122.22222222222223,4043.777777777778,1,1,1,0,2.5–5k,<100k,301–360
LP001431,Female,N,0,Graduate,N,2137,8980.0,137.0,360.0,0.0,Semiurban,Y,11117.0,0.08114598540145986,380.55555555555554,10736.444444444445,1,0,1,0,10–20k,100–150k,301–360
LP001432,Male,Y,2,Graduate,N,2957,0.0,81.0,360.0,1.0,Semiurban,Y,2957.0,0.036506172839506176,225.0,2732.0,4,1,1,0,2.5–5k,<100k,301–360
LP001439,Male,Y,0,Not Graduate,N,4300,2014.0,194.0,360.0,1.0,Rural,Y,6314.0,0.03254639175257732,538.8888888888889,5775.111111111111,2,1,0,0,5–10k,150–200k,301–360
LP001443,Female,N,0,Graduate,N,3692,0.0,93.0,360.0,,Rural,Y,3692.0,0.0396989247311828,258.3333333333333,3433.6666666666665,1,0,1,0,2.5–5k,<100k,301–360
LP001448,Nan,Y,3,Graduate,N,23803,0.0,370.0,360.0,1.0,Rural,Y,23803.0,0.06433243243243243,1027.7777777777778,22775.222222222223,5,1,1,0,>20k,>300k,301–360
LP001449,Male,N,0,Graduate,N,3865,1640.0,,360.0,1.0,Rural,Y,5505.0,0.041426539654408505,365.2777777777778,4970.333333333333,1,1,1,0,5–10k,Unknown,301–360
LP001451,Male,Y,1,Graduate,Y,10513,3850.0,160.0,180.0,0.0,Urban,N,14363.0,0.08976875,888.8888888888889,13474.111111111111,3,0,1,1,10–20k,150–200k,<=180
LP001465,Male,Y,0,Graduate,N,6080,2569.0,182.0,360.0,,Rural,N,8649.0,0.04752197802197802,505.55555555555554,8143.444444444444,2,0,1,0,5–10k,150–200k,301–360
LP001469,Male,N,0,Graduate,Y,20166,0.0,650.0,480.0,,Urban,Y,20166.0,0.031024615384615383,1354.1666666666667,18811.833333333332,1,0,1,1,>20k,>300k,>360
LP001473,Male,N,0,Graduate,N,2014,1929.0,74.0,360.0,1.0,Urban,Y,3943.0,0.05328378378378378,205.55555555555554,3737.4444444444443,1,1,1,0,2.5–5k,<100k,301–360
LP001478,Male,N,0,Graduate,N,2718,0.0,70.0,360.0,1.0,Semiurban,Y,2718.0,0.03882857142857143,194.44444444444446,2523.5555555555557,1,1,1,0,2.5–5k,<100k,301–360
LP001482,Male,Y,0,Graduate,Y,3459,0.0,25.0,120.0,1.0,Semiurban,Y,3459.0,0.13836,208.33333333333334,3250.6666666666665,2,1,1,1,2.5–5k,<100k,<=180
LP001487,Male,N,0,Graduate,N,4895,0.0,102.0,360.0,1.0,Semiurban,Y,4895.0,0.04799019607843137,283.3333333333333,4611.666666666667,1,1,1,0,2.5–5k,100–150k,301–360
LP001488,Male,Y,3,Graduate,N,4000,7750.0,290.0,360.0,1.0,Semiurban,N,11750.0,0.04051724137931034,805.5555555555555,10944.444444444445,5,1,1,0,10–20k,200–300k,301–360
LP001489,Female,Y,0,Graduate,N,4583,0.0,84.0,360.0,1.0,Rural,N,4583.0,0.05455952380952381,233.33333333333334,4349.666666666667,2,1,1,0,2.5–5k,<100k,301–360
LP001491,Male,Y,2,Graduate,Y,3316,3500.0,88.0,360.0,1.0,Urban,Y,6816.0,0.07745454545454546,244.44444444444446,6571.555555555556,4,1,1,1,5–10k,<100k,301–360
LP001492,Male,N,0,Graduate,N,14999,0.0,242.0,360.0,0.0,Semiurban,N,14999.0,0.061979338842975205,672.2222222222222,14326.777777777777,1,0,1,0,10–20k,200–300k,301–360
LP001493,Male,Y,2,Not Graduate,N,4200,1430.0,129.0,360.0,1.0,Rural,N,5630.0,0.04364341085271318,358.3333333333333,5271.666666666667,4,1,0,0,5–10k,100–150k,301–360
LP001497,Male,Y,2,Graduate,N,5042,2083.0,185.0,360.0,1.0,Rural,N,7125.0,0.038513513513513516,513.8888888888889,6611.111111111111,4,1,1,0,5–10k,150–200k,301–360
LP001498,Male,N,0,Graduate,N,5417,0.0,168.0,360.0,1.0,Urban,Y,5417.0,0.03224404761904762,466.6666666666667,4950.333333333333,1,1,1,0,5–10k,150–200k,301–360
LP001504,Male,N,0,Graduate,Y,6950,0.0,175.0,180.0,1.0,Semiurban,Y,6950.0,0.039714285714285716,972.2222222222222,5977.777777777777,1,1,1,1,5–10k,150–200k,<=180
LP001507,Male,Y,0,Graduate,N,2698,2034.0,122.0,360.0,1.0,Semiurban,Y,4732.0,0.03878688524590164,338.8888888888889,4393.111111111111,2,1,1,0,2.5–5k,100–150k,301–360
LP001508,Male,Y,2,Graduate,N,11757,0.0,187.0,180.0,1.0,Urban,Y,11757.0,0.0628716577540107,1038.888888888889,10718.111111111111,4,1,1,0,10–20k,150–200k,<=180
LP001514,Female,Y,0,Graduate,N,2330,4486.0,100.0,360.0,1.0,Semiurban,Y,6816.0,0.06816,277.77777777777777,6538.222222222223,2,1,1,0,5–10k,<100k,301–360
LP001516,Female,Y,2,Graduate,N,14866,0.0,70.0,360.0,1.0,Urban,Y,14866.0,0.21237142857142857,194.44444444444446,14671.555555555555,4,1,1,0,10–20k,<100k,301–360
LP001518,Male,Y,1,Graduate,N,1538,1425.0,30.0,360.0,1.0,Urban,Y,2963.0,0.09876666666666667,83.33333333333333,2879.6666666666665,3,1,1,0,2.5–5k,<100k,301–360
LP001519,Female,N,0,Graduate,N,10000,1666.0,225.0,360.0,1.0,Rural,N,11666.0,0.05184888888888889,625.0,11041.0,1,1,1,0,10–20k,200–300k,301–360
LP001520,Male,Y,0,Graduate,N,4860,830.0,125.0,360.0,1.0,Semiurban,Y,5690.0,0.04552,347.22222222222223,5342.777777777777,2,1,1,0,5–10k,100–150k,301–360
LP001528,Male,N,0,Graduate,N,6277,0.0,118.0,360.0,0.0,Rural,N,6277.0,0.053194915254237286,327.77777777777777,5949.222222222223,1,0,1,0,5–10k,100–150k,301–360
LP001529,Male,Y,0,Graduate,Y,2577,3750.0,152.0,360.0,1.0,Rural,Y,6327.0,0.041625,422.22222222222223,5904.777777777777,2,1,1,1,5–10k,150–200k,301–360
LP001531,Male,N,0,Graduate,N,9166,0.0,244.0,360.0,1.0,Urban,N,9166.0,0.0375655737704918,677.7777777777778,8488.222222222223,1,1,1,0,5–10k,200–300k,301–360
LP001532,Male,Y,2,Not Graduate,N,2281,0.0,113.0,360.0,1.0,Rural,N,2281.0,0.0201858407079646,313.8888888888889,1967.111111111111,4,1,0,0,<2.5k,100–150k,301–360
LP001535,Male,N,0,Graduate,N,3254,0.0,50.0,360.0,1.0,Urban,Y,3254.0,0.06508,138.88888888888889,3115.1111111111113,1,1,1,0,2.5–5k,<100k,301–360
LP001536,Male,Y,3,Graduate,N,39999,0.0,600.0,180.0,0.0,Semiurban,Y,39999.0,0.066665,3333.3333333333335,36665.666666666664,5,0,1,0,>20k,>300k,<=180
LP001541,Male,Y,1,Graduate,N,6000,0.0,160.0,360.0,,Rural,Y,6000.0,0.0375,444.44444444444446,5555.555555555556,3,0,1,0,5–10k,150–200k,301–360
LP001543,Male,Y,1,Graduate,N,9538,0.0,187.0,360.0,1.0,Urban,Y,9538.0,0.05100534759358289,519.4444444444445,9018.555555555555,3,1,1,0,5–10k,150–200k,301–360
LP001546,Male,N,0,Graduate,,2980,2083.0,120.0,360.0,1.0,Rural,Y,5063.0,0.04219166666666667,333.3333333333333,4729.666666666667,1,1,1,0,5–10k,100–150k,301–360
LP001552,Male,Y,0,Graduate,N,4583,5625.0,255.0,360.0,1.0,Semiurban,Y,10208.0,0.04003137254901961,708.3333333333334,9499.666666666666,2,1,1,0,10–20k,200–300k,301–360
LP001560,Male,Y,0,Not Graduate,N,1863,1041.0,98.0,360.0,1.0,Semiurban,Y,2904.0,0.02963265306122449,272.22222222222223,2631.777777777778,2,1,0,0,2.5–5k,<100k,301–360
LP001562,Male,Y,0,Graduate,N,7933,0.0,275.0,360.0,1.0,Urban,N,7933.0,0.02884727272727273,763.8888888888889,7169.111111111111,2,1,1,0,5–10k,200–300k,301–360
LP001565,Male,Y,1,Graduate,N,3089,1280.0,121.0,360.0,0.0,Semiurban,N,4369.0,0.03610743801652892,336.1111111111111,4032.8888888888887,3,0,1,0,2.5–5k,100–150k,301–360
LP001570,Male,Y,2,Graduate,N,4167,1447.0,158.0,360.0,1.0,Rural,Y,5614.0,0.035531645569620254,438.8888888888889,5175.111111111111,4,1,1,0,5–10k,150–200k,301–360
LP001572,Male,Y,0,Graduate,N,9323,0.0,75.0,180.0,1.0,Urban,Y,9323.0,0.12430666666666666,416.6666666666667,8906.333333333334,2,1,1,0,5–10k,<100k,<=180
LP001574,Male,Y,0,Graduate,N,3707,3166.0,182.0,,1.0,Rural,Y,6873.0,0.03776373626373626,365.2777777777778,4970.333333333333,2,1,1,0,5–10k,150–200k,Unknown
LP001577,Female,Y,0,Graduate,N,4583,0.0,112.0,360.0,1.0,Rural,N,4583.0,0.040919642857142856,311.1111111111111,4271.888888888889,2,1,1,0,2.5–5k,100–150k,301–360
LP001578,Male,Y,0,Graduate,N,2439,3333.0,129.0,360.0,1.0,Rural,Y,5772.0,0.044744186046511626,358.3333333333333,5413.666666666667,2,1,1,0,5–10k,100–150k,301–360
LP001579,Male,N,0,Graduate,N,2237,0.0,63.0,480.0,0.0,Semiurban,N,2237.0,0.03550793650793651,131.25,2105.75,1,0,1,0,<2.5k,<100k,>360
LP001580,Male,Y,2,Graduate,N,8000,0.0,200.0,360.0,1.0,Semiurban,Y,8000.0,0.04,555.5555555555555,7444.444444444444,4,1,1,0,5–10k,150–200k,301–360
LP001581,Male,Y,0,Not Graduate,,1820,1769.0,95.0,360.0,1.0,Rural,Y,3589.0,0.03777894736842105,263.8888888888889,3325.1111111111113,2,1,0,0,2.5–5k,<100k,301–360
LP001585,Nan,Y,3,Graduate,N,51763,0.0,700.0,300.0,1.0,Urban,Y,51763.0,0.07394714285714286,2333.3333333333335,49429.666666666664,5,1,1,0,>20k,>300k,241–300
LP001586,Male,Y,3,Not Graduate,N,3522,0.0,81.0,180.0,1.0,Rural,N,3522.0,0.04348148148148148,450.0,3072.0,5,1,0,0,2.5–5k,<100k,<=180
LP001594,Male,Y,0,Graduate,N,5708,5625.0,187.0,360.0,1.0,Semiurban,Y,11333.0,0.06060427807486631,519.4444444444445,10813.555555555555,2,1,1,0,10–20k,150–200k,301–360
LP001603,Male,Y,0,Not Graduate,Y,4344,736.0,87.0,360.0,1.0,Semiurban,N,5080.0,0.05839080459770115,241.66666666666666,4838.333333333333,2,1,0,1,5–10k,<100k,301–360
LP001606,Male,Y,0,Graduate,N,3497,1964.0,116.0,360.0,1.0,Rural,Y,5461.0,0.04707758620689655,322.22222222222223,5138.777777777777,2,1,1,0,5–10k,100–150k,301–360
LP001608,Male,Y,2,Graduate,N,2045,1619.0,101.0,360.0,1.0,Rural,Y,3664.0,0.036277227722772275,280.55555555555554,3383.4444444444443,4,1,1,0,2.5–5k,100–150k,301–360
LP001610,Male,Y,3,Graduate,N,5516,11300.0,495.0,360.0,0.0,Semiurban,N,16816.0,0.033971717171717174,1375.0,15441.0,5,0,1,0,10–20k,>300k,301–360
LP001616,Male,Y,1,Graduate,N,3750,0.0,116.0,360.0,1.0,Semiurban,Y,3750.0,0.032327586206896554,322.22222222222223,3427.777777777778,3,1,1,0,2.5–5k,100–150k,301–360
LP001630,Male,N,0,Not Graduate,N,2333,1451.0,102.0,480.0,0.0,Urban,N,3784.0,0.037098039215686274,212.5,3571.5,1,0,0,0,2.5–5k,100–150k,>360
LP001633,Male,Y,1,Graduate,N,6400,7250.0,180.0,360.0,0.0,Urban,N,13650.0,0.07583333333333334,500.0,13150.0,3,0,1,0,10–20k,150–200k,301–360
LP001634,Male,N,0,Graduate,N,1916,5063.0,67.0,360.0,,Rural,N,6979.0,0.10416417910447762,186.11111111111111,6792.888888888889,1,0,1,0,5–10k,<100k,301–360
LP001636,Male,Y,0,Graduate,N,4600,0.0,73.0,180.0,1.0,Semiurban,Y,4600.0,0.06301369863013699,405.55555555555554,4194.444444444444,2,1,1,0,2.5–5k,<100k,<=180
LP001637,Male,Y,1,Graduate,N,33846,0.0,260.0,360.0,1.0,Semiurban,N,33846.0,0.13017692307692308,722.2222222222222,33123.77777777778,3,1,1,0,>20k,200–300k,301–360
LP001639,Female,Y,0,Graduate,N,3625,0.0,108.0,360.0,1.0,Semiurban,Y,3625.0,0.03356481481481482,300.0,3325.0,2,1,1,0,2.5–5k,100–150k,301–360
LP001640,Male,Y,0,Graduate,Y,39147,4750.0,120.0,360.0,1.0,Semiurban,Y,43897.0,0.36580833333333335,333.3333333333333,43563.666666666664,2,1,1,1,>20k,100–150k,301–360
LP001641,Male,Y,1,Graduate,Y,2178,0.0,66.0,300.0,0.0,Rural,N,2178.0,0.033,220.0,1958.0,3,0,1,1,<2.5k,<100k,241–300
LP001643,Male,Y,0,Graduate,N,2383,2138.0,58.0,360.0,,Rural,Y,4521.0,0.07794827586206897,161.11111111111111,4359.888888888889,2,0,1,0,2.5–5k,<100k,301–360
LP001644,Nan,Y,0,Graduate,Y,674,5296.0,168.0,360.0,1.0,Rural,Y,5970.0,0.03553571428571429,466.6666666666667,5503.333333333333,2,1,1,1,5–10k,150–200k,301–360
LP001647,Male,Y,0,Graduate,N,9328,0.0,188.0,180.0,1.0,Rural,Y,9328.0,0.049617021276595744,1044.4444444444443,8283.555555555555,2,1,1,0,5–10k,150–200k,<=180
LP001653,Male,N,0,Not Graduate,N,4885,0.0,48.0,360.0,1.0,Rural,Y,4885.0,0.10177083333333334,133.33333333333334,4751.666666666667,1,1,0,0,2.5–5k,<100k,301–360
LP001656,Male,N,0,Graduate,N,12000,0.0,164.0,360.0,1.0,Semiurban,N,12000.0,0.07317073170731707,455.55555555555554,11544.444444444445,1,1,1,0,10–20k,150–200k,301–360
LP001657,Male,Y,0,Not Graduate,N,6033,0.0,160.0,360.0,1.0,Urban,N,6033.0,0.03770625,444.44444444444446,5588.555555555556,2,1,0,0,5–10k,150–200k,301–360
LP001658,Male,N,0,Graduate,N,3858,0.0,76.0,360.0,1.0,Semiurban,Y,3858.0,0.05076315789473684,211.11111111111111,3646.8888888888887,1,1,1,0,2.5–5k,<100k,301–360
LP001664,Male,N,0,Graduate,N,4191,0.0,120.0,360.0,1.0,Rural,Y,4191.0,0.034925,333.3333333333333,3857.6666666666665,1,1,1,0,2.5–5k,100–150k,301–360
LP001665,Male,Y,1,Graduate,N,3125,2583.0,170.0,360.0,1.0,Semiurban,N,5708.0,0.03357647058823529,472.22222222222223,5235.777777777777,3,1,1,0,5–10k,150–200k,301–360
LP001666,Male,N,0,Graduate,N,8333,3750.0,187.0,360.0,1.0,Rural,Y,12083.0,0.06461497326203208,519.4444444444445,11563.555555555555,1,1,1,0,10–20k,150–200k,301–360
LP001669,Female,N,0,Not Graduate,N,1907,2365.0,120.0,,1.0,Urban,Y,4272.0,0.0356,365.2777777777778,4970.333333333333,1,1,0,0,2.5–5k,100–150k,Unknown
LP001671,Female,Y,0,Graduate,N,3416,2816.0,113.0,360.0,,Semiurban,Y,6232.0,0.05515044247787611,313.8888888888889,5918.111111111111,2,0,1,0,5–10k,100–150k,301–360
LP001673,Male,N,0,Graduate,Y,11000,0.0,83.0,360.0,1.0,Urban,N,11000.0,0.13253012048192772,230.55555555555554,10769.444444444445,1,1,1,1,10–20k,<100k,301–360
LP001674,Male,Y,1,Not Graduate,N,2600,2500.0,90.0,360.0,1.0,Semiurban,Y,5100.0,0.056666666666666664,250.0,4850.0,3,1,0,0,5–10k,<100k,301–360
LP001677,Male,N,2,Graduate,N,4923,0.0,166.0,360.0,0.0,Semiurban,Y,4923.0,0.029656626506024096,461.1111111111111,4461.888888888889,3,0,1,0,2.5–5k,150–200k,301–360
LP001682,Male,Y,3,Not Graduate,N,3992,0.0,,180.0,1.0,Urban,N,3992.0,0.041426539654408505,365.2777777777778,4970.333333333333,5,1,0,0,2.5–5k,Unknown,<=180
LP001688,Male,Y,1,Not Graduate,N,3500,1083.0,135.0,360.0,1.0,Urban,Y,4583.0,0.03394814814814815,375.0,4208.0,3,1,0,0,2.5–5k,100–150k,301–360
LP001691,Male,Y,2,Not Graduate,N,3917,0.0,124.0,360.0,1.0,Semiurban,Y,3917.0,0.031588709677419356,344.44444444444446,3572.5555555555557,4,1,0,0,2.5–5k,100–150k,301–360
LP001692,Female,N,0,Not Graduate,N,4408,0.0,120.0,360.0,1.0,Semiurban,Y,4408.0,0.03673333333333333,333.3333333333333,4074.6666666666665,1,1,0,0,2.5–5k,100–150k,301–360
LP001693,Female,N,0,Graduate,N,3244,0.0,80.0,360.0,1.0,Urban,Y,3244.0,0.04055,222.22222222222223,3021.777777777778,1,1,1,0,2.5–5k,<100k,301–360
LP001698,Male,N,0,Not Graduate,N,3975,2531.0,55.0,360.0,1.0,Rural,Y,6506.0,0.11829090909090909,152.77777777777777,6353.222222222223,1,1,0,0,5–10k,<100k,301–360
LP001699,Male,N,0,Graduate,N,2479,0.0,59.0,360.0,1.0,Urban,Y,2479.0,0.04201694915254237,163.88888888888889,2315.1111111111113,1,1,1,0,<2.5k,<100k,301–360
LP001702,Male,N,0,Graduate,N,3418,0.0,127.0,360.0,1.0,Semiurban,N,3418.0,0.026913385826771653,352.77777777777777,3065.222222222222,1,1,1,0,2.5–5k,100–150k,301–360
LP001708,Female,N,0,Graduate,N,10000,0.0,214.0,360.0,1.0,Semiurban,N,10000.0,0.04672897196261682,594.4444444444445,9405.555555555555,1,1,1,0,5–10k,200–300k,301–360
LP001711,Male,Y,3,Graduate,N,3430,1250.0,128.0,360.0,0.0,Semiurban,N,4680.0,0.0365625,355.55555555555554,4324.444444444444,5,0,1,0,2.5–5k,100–150k,301–360
LP001713,Male,Y,1,Graduate,Y,7787,0.0,240.0,360.0,1.0,Urban,Y,7787.0,0.032445833333333333,666.6666666666666,7120.333333333333,3,1,1,1,5–10k,200–300k,301–360
LP001715,Male,Y,3,Not Graduate,Y,5703,0.0,130.0,360.0,1.0,Rural,Y,5703.0,0.04386923076923077,361.1111111111111,5341.888888888889,5,1,0,1,5–10k,100–150k,301–360
LP001716,Male,Y,0,Graduate,N,3173,3021.0,137.0,360.0,1.0,Urban,Y,6194.0,0.04521167883211679,380.55555555555554,5813.444444444444,2,1,1,0,5–10k,100–150k,301–360
LP001720,Male,Y,3,Not Graduate,N,3850,983.0,100.0,360.0,1.0,Semiurban,Y,4833.0,0.04833,277.77777777777777,4555.222222222223,5,1,0,0,2.5–5k,<100k,301–360
LP001722,Male,Y,0,Graduate,N,150,1800.0,135.0,360.0,1.0,Rural,N,1950.0,0.014444444444444444,375.0,1575.0,2,1,1,0,<2.5k,100–150k,301–360
LP001726,Male,Y,0,Graduate,N,3727,1775.0,131.0,360.0,1.0,Semiurban,Y,5502.0,0.042,363.8888888888889,5138.111111111111,2,1,1,0,5–10k,100–150k,301–360
LP001732,Male,Y,2,Graduate,,5000,0.0,72.0,360.0,0.0,Semiurban,N,5000.0,0.06944444444444445,200.0,4800.0,4,0,1,0,2.5–5k,<100k,301–360
LP001734,Female,Y,2,Graduate,N,4283,2383.0,127.0,360.0,,Semiurban,Y,6666.0,0.052488188976377956,352.77777777777777,6313.222222222223,4,0,1,0,5–10k,100–150k,301–360
LP001736,Male,Y,0,Graduate,N,2221,0.0,60.0,360.0,0.0,Urban,N,2221.0,0.03701666666666667,166.66666666666666,2054.3333333333335,2,0,1,0,<2.5k,<100k,301–360
LP001743,Male,Y,2,Graduate,N,4009,1717.0,116.0,360.0,1.0,Semiurban,Y,5726.0,0.049362068965517245,322.22222222222223,5403.777777777777,4,1,1,0,5–10k,100–150k,301–360
LP001744,Male,N,0,Graduate,N,2971,2791.0,144.0,360.0,1.0,Semiurban,Y,5762.0,0.04001388888888889,400.0,5362.0,1,1,1,0,5–10k,100–150k,301–360
LP001749,Male,Y,0,Graduate,N,7578,1010.0,175.0,,1.0,Semiurban,Y,8588.0,0.049074285714285716,365.2777777777778,4970.333333333333,2,1,1,0,5–10k,150–200k,Unknown
LP001750,Male,Y,0,Graduate,N,6250,0.0,128.0,360.0,1.0,Semiurban,Y,6250.0,0.048828125,355.55555555555554,5894.444444444444,2,1,1,0,5–10k,100–150k,301–360
LP001751,Male,Y,0,Graduate,N,3250,0.0,170.0,360.0,1.0,Rural,N,3250.0,0.01911764705882353,472.22222222222223,2777.777777777778,2,1,1,0,2.5–5k,150–200k,301–360
LP001754,Male,Y,0,Not Graduate,Y,4735,0.0,138.0,360.0,1.0,Urban,N,4735.0,0.03431159420289855,383.3333333333333,4351.666666666667,2,1,0,1,2.5–5k,100–150k,301–360
LP001758,Male,Y,2,Graduate,N,6250,1695.0,210.0,360.0,1.0,Semiurban,Y,7945.0,0.03783333333333333,583.3333333333334,7361.666666666667,4,1,1,0,5–10k,200–300k,301–360
LP001760,Male,,0,Graduate,N,4758,0.0,158.0,480.0,1.0,Semiurban,Y,4758.0,0.03011392405063291,329.1666666666667,4428.833333333333,1,1,1,0,2.5–5k,150–200k,>360
LP001761,Male,N,0,Graduate,Y,6400,0.0,200.0,360.0,1.0,Rural,Y,6400.0,0.032,555.5555555555555,5844.444444444444,1,1,1,1,5–10k,150–200k,301–360
LP001765,Male,Y,1,Graduate,N,2491,2054.0,104.0,360.0,1.0,Semiurban,Y,4545.0,0.043701923076923076,288.8888888888889,4256.111111111111,3,1,1,0,2.5–5k,100–150k,301–360
LP001768,Male,Y,0,Graduate,,3716,0.0,42.0,180.0,1.0,Rural,Y,3716.0,0.08847619047619047,233.33333333333334,3482.6666666666665,2,1,1,0,2.5–5k,<100k,<=180
LP001770,Male,N,0,Not Graduate,N,3189,2598.0,120.0,,1.0,Rural,Y,5787.0,0.048225,365.2777777777778,4970.333333333333,1,1,0,0,5–10k,100–150k,Unknown
LP001776,Female,N,0,Graduate,N,8333,0.0,280.0,360.0,1.0,Semiurban,Y,8333.0,0.029760714285714286,777.7777777777778,7555.222222222223,1,1,1,0,5–10k,200–300k,301–360
LP001778,Male,Y,1,Graduate,N,3155,1779.0,140.0,360.0,1.0,Semiurban,Y,4934.0,0.035242857142857145,388.8888888888889,4545.111111111111,3,1,1,0,2.5–5k,100–150k,301–360
LP001784,Male,Y,1,Graduate,N,5500,1260.0,170.0,360.0,1.0,Rural,Y,6760.0,0.03976470588235294,472.22222222222223,6287.777777777777,3,1,1,0,5–10k,150–200k,301–360
LP001786,Male,Y,0,Graduate,,5746,0.0,255.0,360.0,,Urban,N,5746.0,0.022533333333333332,708.3333333333334,5037.666666666667,2,0,1,0,5–10k,200–300k,301–360
LP001788,Female,N,0,Graduate,Y,3463,0.0,122.0,360.0,,Urban,Y,3463.0,0.028385245901639343,338.8888888888889,3124.1111111111113,1,0,1,1,2.5–5k,100–150k,301–360
LP001790,Female,N,1,Graduate,N,3812,0.0,112.0,360.0,1.0,Rural,Y,3812.0,0.03403571428571429,311.1111111111111,3500.8888888888887,2,1,1,0,2.5–5k,100–150k,301–360
LP001792,Male,Y,1,Graduate,N,3315,0.0,96.0,360.0,1.0,Semiurban,Y,3315.0,0.03453125,266.6666666666667,3048.3333333333335,3,1,1,0,2.5–5k,<100k,301–360
LP001798,Male,Y,2,Graduate,N,5819,5000.0,120.0,360.0,1.0,Rural,Y,10819.0,0.09015833333333333,333.3333333333333,10485.666666666666,4,1,1,0,10–20k,100–150k,301–360
LP001800,Male,Y,1,Not Graduate,N,2510,1983.0,140.0,180.0,1.0,Urban,N,4493.0,0.032092857142857145,777.7777777777778,3715.222222222222,3,1,0,0,2.5–5k,100–150k,<=180
LP001806,Male,N,0,Graduate,N,2965,5701.0,155.0,60.0,1.0,Urban,Y,8666.0,0.05590967741935484,2583.3333333333335,6082.666666666666,1,1,1,0,5–10k,150–200k,<=180
LP001807,Male,Y,2,Graduate,Y,6250,1300.0,108.0,360.0,1.0,Rural,Y,7550.0,0.0699074074074074,300.0,7250.0,4,1,1,1,5–10k,100–150k,301–360
LP001811,Male,Y,0,Not Graduate,N,3406,4417.0,123.0,360.0,1.0,Semiurban,Y,7823.0,0.06360162601626017,341.6666666666667,7481.333333333333,2,1,0,0,5–10k,100–150k,301–360
LP001813,Male,N,0,Graduate,Y,6050,4333.0,120.0,180.0,1.0,Urban,N,10383.0,0.086525,666.6666666666666,9716.333333333334,1,1,1,1,10–20k,100–150k,<=180
LP001814,Male,Y,2,Graduate,N,9703,0.0,112.0,360.0,1.0,Urban,Y,9703.0,0.08663392857142857,311.1111111111111,9391.888888888889,4,1,1,0,5–10k,100–150k,301–360
LP001819,Male,Y,1,Not Graduate,N,6608,0.0,137.0,180.0,1.0,Urban,Y,6608.0,0.04823357664233577,761.1111111111111,5846.888888888889,3,1,0,0,5–10k,100–150k,<=180
LP001824,Male,Y,1,Graduate,N,2882,1843.0,123.0,480.0,1.0,Semiurban,Y,4725.0,0.03841463414634146,256.25,4468.75,3,1,1,0,2.5–5k,100–150k,>360
LP001825,Male,Y,0,Graduate,N,1809,1868.0,90.0,360.0,1.0,Urban,Y,3677.0,0.040855555555555555,250.0,3427.0,2,1,1,0,2.5–5k,<100k,301–360
LP001835,Male,Y,0,Not Graduate,N,1668,3890.0,201.0,360.0,0.0,Semiurban,N,5558.0,0.027651741293532338,558.3333333333334,4999.666666666667,2,0,0,0,5–10k,200–300k,301–360
LP001836,Female,N,2,Graduate,N,3427,0.0,138.0,360.0,1.0,Urban,N,3427.0,0.024833333333333332,383.3333333333333,3043.6666666666665,3,1,1,0,2.5–5k,100–150k,301–360
LP001841,Male,N,0,Not Graduate,Y,2583,2167.0,104.0,360.0,1.0,Rural,Y,4750.0,0.04567307692307692,288.8888888888889,4461.111111111111,1,1,0,1,2.5–5k,100–150k,301–360
LP001843,Male,Y,1,Not Graduate,N,2661,7101.0,279.0,180.0,1.0,Semiurban,Y,9762.0,0.03498924731182796,1550.0,8212.0,3,1,0,0,5–10k,200–300k,<=180
LP001844,Male,N,0,Graduate,Y,16250,0.0,192.0,360.0,0.0,Urban,N,16250.0,0.08463541666666667,533.3333333333334,15716.666666666666,1,0,1,1,10–20k,150–200k,301–360
LP001846,Female,N,3,Graduate,N,3083,0.0,255.0,360.0,1.0,Rural,Y,3083.0,0.012090196078431372,708.3333333333334,2374.6666666666665,4,1,1,0,2.5–5k,200–300k,301–360
LP001849,Male,N,0,Not Graduate,N,6045,0.0,115.0,360.0,0.0,Rural,N,6045.0,0.05256521739130435,319.44444444444446,5725.555555555556,1,0,0,0,5–10k,100–150k,301–360
LP001854,Male,Y,3,Graduate,N,5250,0.0,94.0,360.0,1.0,Urban,N,5250.0,0.05585106382978723,261.1111111111111,4988.888888888889,5,1,1,0,5–10k,<100k,301–360
LP001859,Male,Y,0,Graduate,N,14683,2100.0,304.0,360.0,1.0,Rural,N,16783.0,0.05520723684210526,844.4444444444445,15938.555555555555,2,1,1,0,10–20k,>300k,301–360
LP001864,Male,Y,3,Not Graduate,N,4931,0.0,128.0,360.0,,Semiurban,N,4931.0,0.0385234375,355.55555555555554,4575.444444444444,5,0,0,0,2.5–5k,100–150k,301–360
LP001865,Male,Y,1,Graduate,N,6083,4250.0,330.0,360.0,,Urban,Y,10333.0,0.031312121212121215,916.6666666666666,9416.333333333334,3,0,1,0,10–20k,>300k,301–360
LP001868,Male,N,0,Graduate,N,2060,2209.0,134.0,360.0,1.0,Semiurban,Y,4269.0,0.03185820895522388,372.22222222222223,3896.777777777778,1,1,1,0,2.5–5k,100–150k,301–360
LP001870,Female,N,1,Graduate,N,3481,0.0,155.0,36.0,1.0,Semiurban,N,3481.0,0.02245806451612903,4305.555555555556,-824.5555555555557,2,1,1,0,2.5–5k,150–200k,<=180
LP001871,Female,N,0,Graduate,N,7200,0.0,120.0,360.0,1.0,Rural,Y,7200.0,0.06,333.3333333333333,6866.666666666667,1,1,1,0,5–10k,100–150k,301–360
LP001872,Male,N,0,Graduate,Y,5166,0.0,128.0,360.0,1.0,Semiurban,Y,5166.0,0.040359375,355.55555555555554,4810.444444444444,1,1,1,1,5–10k,100–150k,301–360
LP001875,Male,N,0,Graduate,N,4095,3447.0,151.0,360.0,1.0,Rural,Y,7542.0,0.049947019867549666,419.44444444444446,7122.555555555556,1,1,1,0,5–10k,150–200k,301–360
LP001877,Male,Y,2,Graduate,N,4708,1387.0,150.0,360.0,1.0,Semiurban,Y,6095.0,0.040633333333333334,416.6666666666667,5678.333333333333,4,1,1,0,5–10k,100–150k,301–360
LP001882,Male,Y,3,Graduate,N,4333,1811.0,160.0,360.0,0.0,Urban,Y,6144.0,0.0384,444.44444444444446,5699.555555555556,5,0,1,0,5–10k,150–200k,301–360
LP001883,Female,N,0,Graduate,,3418,0.0,135.0,360.0,1.0,Rural,N,3418.0,0.025318518518518518,375.0,3043.0,1,1,1,0,2.5–5k,100–150k,301–360
LP001884,Female,N,1,Graduate,N,2876,1560.0,90.0,360.0,1.0,Urban,Y,4436.0,0.04928888888888889,250.0,4186.0,2,1,1,0,2.5–5k,<100k,301–360
LP001888,Female,N,0,Graduate,N,3237,0.0,30.0,360.0,1.0,Urban,Y,3237.0,0.1079,83.33333333333333,3153.6666666666665,1,1,1,0,2.5–5k,<100k,301–360
LP001891,Male,Y,0,Graduate,N,11146,0.0,136.0,360.0,1.0,Urban,Y,11146.0,0.08195588235294117,377.77777777777777,10768.222222222223,2,1,1,0,10–20k,100–150k,301–360
LP001892,Male,N,0,Graduate,N,2833,1857.0,126.0,360.0,1.0,Rural,Y,4690.0,0.03722222222222222,350.0,4340.0,1,1,1,0,2.5–5k,100–150k,301–360
LP001894,Male,Y,0,Graduate,N,2620,2223.0,150.0,360.0,1.0,Semiurban,Y,4843.0,0.032286666666666665,416.6666666666667,4426.333333333333,2,1,1,0,2.5–5k,100–150k,301–360
LP001896,Male,Y,2,Graduate,N,3900,0.0,90.0,360.0,1.0,Semiurban,Y,3900.0,0.043333333333333335,250.0,3650.0,4,1,1,0,2.5–5k,<100k,301–360
LP001900,Male,Y,1,Graduate,N,2750,1842.0,115.0,360.0,1.0,Semiurban,Y,4592.0,0.039930434782608694,319.44444444444446,4272.555555555556,3,1,1,0,2.5–5k,100–150k,301–360
LP001903,Male,Y,0,Graduate,N,3993,3274.0,207.0,360.0,1.0,Semiurban,Y,7267.0,0.035106280193236715,575.0,6692.0,2,1,1,0,5–10k,200–300k,301–360
LP001904,Male,Y,0,Graduate,N,3103,1300.0,80.0,360.0,1.0,Urban,Y,4403.0,0.0550375,222.22222222222223,4180.777777777777,2,1,1,0,2.5–5k,<100k,301–360
LP001907,Male,Y,0,Graduate,N,14583,0.0,436.0,360.0,1.0,Semiurban,Y,14583.0,0.03344724770642202,1211.111111111111,13371.888888888889,2,1,1,0,10–20k,>300k,301–360
LP001908,Female,Y,0,Not Graduate,N,4100,0.0,124.0,360.0,,Rural,Y,4100.0,0.03306451612903226,344.44444444444446,3755.5555555555557,2,0,0,0,2.5–5k,100–150k,301–360
LP001910,Male,N,1,Not Graduate,Y,4053,2426.0,158.0,360.0,0.0,Urban,N,6479.0,0.04100632911392405,438.8888888888889,6040.111111111111,2,0,0,1,5–10k,150–200k,301–360
LP001914,Male,Y,0,Graduate,N,3927,800.0,112.0,360.0,1.0,Semiurban,Y,4727.0,0.04220535714285714,311.1111111111111,4415.888888888889,2,1,1,0,2.5–5k,100–150k,301–360
LP001915,Male,Y,2,Graduate,N,2301,985.7999878,78.0,180.0,1.0,Urban,Y,3286.7999878,0.04213846138205128,433.3333333333333,2853.4666544666666,4,1,1,0,2.5–5k,<100k,<=180
LP001917,Female,N,0,Graduate,N,1811,1666.0,54.0,360.0,1.0,Urban,Y,3477.0,0.06438888888888888,150.0,3327.0,1,1,1,0,2.5–5k,<100k,301–360
LP001922,Male,Y,0,Graduate,N,20667,0.0,,360.0,1.0,Rural,N,20667.0,0.041426539654408505,365.2777777777778,4970.333333333333,2,1,1,0,>20k,Unknown,301–360
LP001924,Male,N,0,Graduate,N,3158,3053.0,89.0,360.0,1.0,Rural,Y,6211.0,0.06978651685393258,247.22222222222223,5963.777777777777,1,1,1,0,5–10k,<100k,301–360
LP001925,Female,N,0,Graduate,Y,2600,1717.0,99.0,300.0,1.0,Semiurban,N,4317.0,0.043606060606060607,330.0,3987.0,1,1,1,1,2.5–5k,<100k,241–300
LP001926,Male,Y,0,Graduate,N,3704,2000.0,120.0,360.0,1.0,Rural,Y,5704.0,0.04753333333333333,333.3333333333333,5370.666666666667,2,1,1,0,5–10k,100–150k,301–360
LP001931,Female,N,0,Graduate,N,4124,0.0,115.0,360.0,1.0,Semiurban,Y,4124.0,0.03586086956521739,319.44444444444446,3804.5555555555557,1,1,1,0,2.5–5k,100–150k,301–360
LP001935,Male,N,0,Graduate,N,9508,0.0,187.0,360.0,1.0,Rural,Y,9508.0,0.05084491978609626,519.4444444444445,8988.555555555555,1,1,1,0,5–10k,150–200k,301–360
LP001936,Male,Y,0,Graduate,N,3075,2416.0,139.0,360.0,1.0,Rural,Y,5491.0,0.039503597122302156,386.1111111111111,5104.888888888889,2,1,1,0,5–10k,100–150k,301–360
LP001938,Male,Y,2,Graduate,N,4400,0.0,127.0,360.0,0.0,Semiurban,N,4400.0,0.03464566929133858,352.77777777777777,4047.222222222222,4,0,1,0,2.5–5k,100–150k,301–360
LP001940,Male,Y,2,Graduate,N,3153,1560.0,134.0,360.0,1.0,Urban,Y,4713.0,0.035171641791044775,372.22222222222223,4340.777777777777,4,1,1,0,2.5–5k,100–150k,301–360
LP001945,Female,N,0,Graduate,N,5417,0.0,143.0,480.0,0.0,Urban,N,5417.0,0.037881118881118885,297.9166666666667,5119.083333333333,1,0,1,0,5–10k,100–150k,>360
LP001947,Male,Y,0,Graduate,N,2383,3334.0,172.0,360.0,1.0,Semiurban,Y,5717.0,0.03323837209302326,477.77777777777777,5239.222222222223,2,1,1,0,5–10k,150–200k,301–360
LP001949,Male,Y,3,Graduate,,4416,1250.0,110.0,360.0,1.0,Urban,Y,5666.0,0.05150909090909091,305.55555555555554,5360.444444444444,5,1,1,0,5–10k,100–150k,301–360
LP001953,Male,Y,1,Graduate,N,6875,0.0,200.0,360.0,1.0,Semiurban,Y,6875.0,0.034375,555.5555555555555,6319.444444444444,3,1,1,0,5–10k,150–200k,301–360
LP001954,Female,Y,1,Graduate,N,4666,0.0,135.0,360.0,1.0,Urban,Y,4666.0,0.03456296296296296,375.0,4291.0,3,1,1,0,2.5–5k,100–150k,301–360
LP001955,Female,N,0,Graduate,N,5000,2541.0,151.0,480.0,1.0,Rural,N,7541.0,0.04994039735099338,314.5833333333333,7226.416666666667,1,1,1,0,5–10k,150–200k,>360
LP001963,Male,Y,1,Graduate,N,2014,2925.0,113.0,360.0,1.0,Urban,N,4939.0,0.043707964601769914,313.8888888888889,4625.111111111111,3,1,1,0,2.5–5k,100–150k,301–360
LP001964,Male,Y,0,Not Graduate,N,1800,2934.0,93.0,360.0,0.0,Urban,N,4734.0,0.05090322580645161,258.3333333333333,4475.666666666667,2,0,0,0,2.5–5k,<100k,301–360
LP001972,Male,Y,0,Not Graduate,N,2875,1750.0,105.0,360.0,1.0,Semiurban,Y,4625.0,0.04404761904761905,291.6666666666667,4333.333333333333,2,1,0,0,2.5–5k,100–150k,301–360
LP001974,Female,N,0,Graduate,N,5000,0.0,132.0,360.0,1.0,Rural,Y,5000.0,0.03787878787878788,366.6666666666667,4633.333333333333,1,1,1,0,2.5–5k,100–150k,301–360
LP001977,Male,Y,1,Graduate,N,1625,1803.0,96.0,360.0,1.0,Urban,Y,3428.0,0.035708333333333335,266.6666666666667,3161.3333333333335,3,1,1,0,2.5–5k,<100k,301–360
LP001978,Male,N,0,Graduate,N,4000,2500.0,140.0,360.0,1.0,Rural,Y,6500.0,0.04642857142857143,388.8888888888889,6111.111111111111,1,1,1,0,5–10k,100–150k,301–360
LP001990,Male,N,0,Not Graduate,N,2000,0.0,,360.0,1.0,Urban,N,2000.0,0.041426539654408505,365.2777777777778,4970.333333333333,1,1,0,0,<2.5k,Unknown,301–360
LP001993,Female,N,0,Graduate,N,3762,1666.0,135.0,360.0,1.0,Rural,Y,5428.0,0.04020740740740741,375.0,5053.0,1,1,1,0,5–10k,100–150k,301–360
LP001994,Female,N,0,Graduate,N,2400,1863.0,104.0,360.0,0.0,Urban,N,4263.0,0.040990384615384616,288.8888888888889,3974.1111111111113,1,0,1,0,2.5–5k,100–150k,301–360
LP001996,Male,N,0,Graduate,N,20233,0.0,480.0,360.0,1.0,Rural,N,20233.0,0.04215208333333333,1333.3333333333333,18899.666666666668,1,1,1,0,>20k,>300k,301–360
LP001998,Male,Y,2,Not Graduate,N,7667,0.0,185.0,360.0,,Rural,Y,7667.0,0.04144324324324324,513.8888888888889,7153.111111111111,4,0,0,0,5–10k,150–200k,301–360
LP002002,Female,N,0,Graduate,N,2917,0.0,84.0,360.0,1.0,Semiurban,Y,2917.0,0.03472619047619047,233.33333333333334,2683.6666666666665,1,1,1,0,2.5–5k,<100k,301–360
LP002004,Male,N,0,Not Graduate,N,2927,2405.0,111.0,360.0,1.0,Semiurban,Y,5332.0,0.04803603603603604,308.3333333333333,5023.666666666667,1,1,0,0,5–10k,100–150k,301–360
LP002006,Female,N,0,Graduate,N,2507,0.0,56.0,360.0,1.0,Rural,Y,2507.0,0.044767857142857144,155.55555555555554,2351.4444444444443,1,1,1,0,2.5–5k,<100k,301–360
LP002008,Male,Y,2,Graduate,Y,5746,0.0,144.0,84.0,,Rural,Y,5746.0,0.03990277777777778,1714.2857142857142,4031.714285714286,4,0,1,1,5–10k,100–150k,<=180
LP002024,Nan,Y,0,Graduate,N,2473,1843.0,159.0,360.0,1.0,Rural,N,4316.0,0.027144654088050314,441.6666666666667,3874.3333333333335,2,1,1,0,2.5–5k,150–200k,301–360
LP002031,Male,Y,1,Not Graduate,N,3399,1640.0,111.0,180.0,1.0,Urban,Y,5039.0,0.04539639639639639,616.6666666666666,4422.333333333333,3,1,0,0,5–10k,100–150k,<=180
LP002035,Male,Y,2,Graduate,N,3717,0.0,120.0,360.0,1.0,Semiurban,Y,3717.0,0.030975,333.3333333333333,3383.6666666666665,4,1,1,0,2.5–5k,100–150k,301–360
LP002036,Male,Y,0,Graduate,N,2058,2134.0,88.0,360.0,,Urban,Y,4192.0,0.047636363636363636,244.44444444444446,3947.5555555555557,2,0,1,0,2.5–5k,<100k,301–360
LP002043,Female,N,1,Graduate,N,3541,0.0,112.0,360.0,,Semiurban,Y,3541.0,0.03161607142857143,311.1111111111111,3229.8888888888887,2,0,1,0,2.5–5k,100–150k,301–360
LP002050,Male,Y,1,Graduate,Y,10000,0.0,155.0,360.0,1.0,Rural,N,10000.0,0.06451612903225806,430.55555555555554,9569.444444444445,3,1,1,1,5–10k,150–200k,301–360
LP002051,Male,Y,0,Graduate,N,2400,2167.0,115.0,360.0,1.0,Semiurban,Y,4567.0,0.03971304347826087,319.44444444444446,4247.555555555556,2,1,1,0,2.5–5k,100–150k,301–360
LP002053,Male,Y,3,Graduate,N,4342,189.0,124.0,360.0,1.0,Semiurban,Y,4531.0,0.036540322580645164,344.44444444444446,4186.555555555556,5,1,1,0,2.5–5k,100–150k,301–360
LP002054,Male,Y,2,Not Graduate,N,3601,1590.0,,360.0,1.0,Rural,Y,5191.0,0.041426539654408505,365.2777777777778,4970.333333333333,4,1,0,0,5–10k,Unknown,301–360
LP002055,Female,N,0,Graduate,N,3166,2985.0,132.0,360.0,,Rural,Y,6151.0,0.04659848484848485,366.6666666666667,5784.333333333333,1,0,1,0,5–10k,100–150k,301–360
LP002065,Male,Y,3,Graduate,N,15000,0.0,300.0,360.0,1.0,Rural,Y,15000.0,0.05,833.3333333333334,14166.666666666666,5,1,1,0,10–20k,200–300k,301–360
LP002067,Male,Y,1,Graduate,Y,8666,4983.0,376.0,360.0,0.0,Rural,N,13649.0,0.036300531914893616,1044.4444444444443,12604.555555555555,3,0,1,1,10–20k,>300k,301–360
LP002068,Male,N,0,Graduate,N,4917,0.0,130.0,360.0,0.0,Rural,Y,4917.0,0.037823076923076925,361.1111111111111,4555.888888888889,1,0,1,0,2.5–5k,100–150k,301–360
LP002082,Male,Y,0,Graduate,Y,5818,2160.0,184.0,360.0,1.0,Semiurban,Y,7978.0,0.043358695652173915,511.1111111111111,7466.888888888889,2,1,1,1,5–10k,150–200k,301–360
LP002086,Female,Y,0,Graduate,N,4333,2451.0,110.0,360.0,1.0,Urban,N,6784.0,0.061672727272727275,305.55555555555554,6478.444444444444,2,1,1,0,5–10k,100–150k,301–360
LP002087,Female,N,0,Graduate,N,2500,0.0,67.0,360.0,1.0,Urban,Y,2500.0,0.03731343283582089,186.11111111111111,2313.8888888888887,1,1,1,0,<2.5k,<100k,301–360
LP002097,Male,N,1,Graduate,N,4384,1793.0,117.0,360.0,1.0,Urban,Y,6177.0,0.052794871794871794,325.0,5852.0,2,1,1,0,5–10k,100–150k,301–360
LP002098,Male,N,0,Graduate,N,2935,0.0,98.0,360.0,1.0,Semiurban,Y,2935.0,0.029948979591836733,272.22222222222223,2662.777777777778,1,1,1,0,2.5–5k,<100k,301–360
LP002100,Male,N,0,Graduate,N,2833,0.0,71.0,360.0,1.0,Urban,Y,2833.0,0.03990140845070422,197.22222222222223,2635.777777777778,1,1,1,0,2.5–5k,<100k,301–360
LP002101,Male,Y,0,Graduate,,63337,0.0,490.0,180.0,1.0,Urban,Y,63337.0,0.1292591836734694,2722.222222222222,60614.77777777778,2,1,1,0,>20k,>300k,<=180
LP002103,Nan,Y,1,Graduate,Y,9833,1833.0,182.0,180.0,1.0,Urban,Y,11666.0,0.0640989010989011,1011.1111111111111,10654.888888888889,3,1,1,1,10–20k,150–200k,<=180
LP002106,Male,Y,0,Graduate,Y,5503,4490.0,70.0,,1.0,Semiurban,Y,9993.0,0.14275714285714286,365.2777777777778,4970.333333333333,2,1,1,1,5–10k,<100k,Unknown
LP002110,Male,Y,1,Graduate,,5250,688.0,160.0,360.0,1.0,Rural,Y,5938.0,0.0371125,444.44444444444446,5493.555555555556,3,1,1,0,5–10k,150–200k,301–360
LP002112,Male,Y,2,Graduate,Y,2500,4600.0,176.0,360.0,1.0,Rural,Y,7100.0,0.040340909090909094,488.8888888888889,6611.111111111111,4,1,1,1,5–10k,150–200k,301–360
LP002113,Female,N,3,Not Graduate,N,1830,0.0,,360.0,0.0,Urban,N,1830.0,0.041426539654408505,365.2777777777778,4970.333333333333,4,0,0,0,<2.5k,Unknown,301–360
LP002114,Female,N,0,Graduate,N,4160,0.0,71.0,360.0,1.0,Semiurban,Y,4160.0,0.05859154929577465,197.22222222222223,3962.777777777778,1,1,1,0,2.5–5k,<100k,301–360
LP002115,Male,Y,3,Not Graduate,N,2647,1587.0,173.0,360.0,1.0,Rural,N,4234.0,0.024473988439306357,480.55555555555554,3753.4444444444443,5,1,0,0,2.5–5k,150–200k,301–360
LP002116,Female,N,0,Graduate,N,2378,0.0,46.0,360.0,1.0,Rural,N,2378.0,0.051695652173913045,127.77777777777777,2250.222222222222,1,1,1,0,<2.5k,<100k,301–360
LP002119,Male,Y,1,Not Graduate,N,4554,1229.0,158.0,360.0,1.0,Urban,Y,5783.0,0.03660126582278481,438.8888888888889,5344.111111111111,3,1,0,0,5–10k,150–200k,301–360
LP002126,Male,Y,3,Not Graduate,N,3173,0.0,74.0,360.0,1.0,Semiurban,Y,3173.0,0.04287837837837838,205.55555555555554,2967.4444444444443,5,1,0,0,2.5–5k,<100k,301–360
LP002128,Male,Y,2,Graduate,,2583,2330.0,125.0,360.0,1.0,Rural,Y,4913.0,0.039304,347.22222222222223,4565.777777777777,4,1,1,0,2.5–5k,100–150k,301–360
LP002129,Male,Y,0,Graduate,N,2499,2458.0,160.0,360.0,1.0,Semiurban,Y,4957.0,0.03098125,444.44444444444446,4512.555555555556,2,1,1,0,2.5–5k,150–200k,301–360
LP002130,Male,Y,0,Not Graduate,N,3523,3230.0,152.0,360.0,0.0,Rural,N,6753.0,0.04442763157894737,422.22222222222223,6330.777777777777,2,0,0,0,5–10k,150–200k,301–360
LP002131,Male,Y,2,Not Graduate,N,3083,2168.0,126.0,360.0,1.0,Urban,Y,5251.0,0.04167460317460318,350.0,4901.0,4,1,0,0,5–10k,100–150k,301–360
LP002137,Male,Y,0,Graduate,N,6333,4583.0,259.0,360.0,,Semiurban,Y,10916.0,0.042146718146718144,719.4444444444445,10196.555555555555,2,0,1,0,10–20k,200–300k,301–360
LP002138,Male,Y,0,Graduate,N,2625,6250.0,187.0,360.0,1.0,Rural,Y,8875.0,0.047459893048128345,519.4444444444445,8355.555555555555,2,1,1,0,5–10k,150–200k,301–360
LP002139,Male,Y,0,Graduate,N,9083,0.0,228.0,360.0,1.0,Semiurban,Y,9083.0,0.039837719298245616,633.3333333333334,8449.666666666666,2,1,1,0,5–10k,200–300k,301–360
LP002140,Male,N,0,Graduate,N,8750,4167.0,308.0,360.0,1.0,Rural,N,12917.0,0.04193831168831169,855.5555555555555,12061.444444444445,1,1,1,0,10–20k,>300k,301–360
LP002141,Male,Y,3,Graduate,N,2666,2083.0,95.0,360.0,1.0,Rural,Y,4749.0,0.04998947368421053,263.8888888888889,4485.111111111111,5,1,1,0,2.5–5k,<100k,301–360
LP002142,Female,Y,0,Graduate,Y,5500,0.0,105.0,360.0,0.0,Rural,N,5500.0,0.05238095238095238,291.6666666666667,5208.333333333333,2,0,1,1,5–10k,100–150k,301–360
LP002143,Female,Y,0,Graduate,N,2423,505.0,130.0,360.0,1.0,Semiurban,Y,2928.0,0.022523076923076923,361.1111111111111,2566.8888888888887,2,1,1,0,2.5–5k,100–150k,301–360
LP002144,Female,N,0,Graduate,N,3813,0.0,116.0,180.0,1.0,Urban,Y,3813.0,0.03287068965517241,644.4444444444445,3168.5555555555557,1,1,1,0,2.5–5k,100–150k,<=180
LP002149,Male,Y,2,Graduate,N,8333,3167.0,165.0,360.0,1.0,Rural,Y,11500.0,0.0696969696969697,458.3333333333333,11041.666666666666,4,1,1,0,10–20k,150–200k,301–360
LP002151,Male,Y,1,Graduate,N,3875,0.0,67.0,360.0,1.0,Urban,N,3875.0,0.05783582089552239,186.11111111111111,3688.8888888888887,3,1,1,0,2.5–5k,<100k,301–360
LP002158,Male,Y,0,Not Graduate,N,3000,1666.0,100.0,480.0,0.0,Urban,N,4666.0,0.04666,208.33333333333334,4457.666666666667,2,0,0,0,2.5–5k,<100k,>360
LP002160,Male,Y,3,Graduate,N,5167,3167.0,200.0,360.0,1.0,Semiurban,Y,8334.0,0.04167,555.5555555555555,7778.444444444444,5,1,1,0,5–10k,150–200k,301–360
LP002161,Female,N,1,Graduate,N,4723,0.0,81.0,360.0,1.0,Semiurban,N,4723.0,0.05830864197530864,225.0,4498.0,2,1,1,0,2.5–5k,<100k,301–360
LP002170,Male,Y,2,Graduate,N,5000,3667.0,236.0,360.0,1.0,Semiurban,Y,8667.0,0.03672457627118644,655.5555555555555,8011.444444444444,4,1,1,0,5–10k,200–300k,301–360
LP002175,Male,Y,0,Graduate,N,4750,2333.0,130.0,360.0,1.0,Urban,Y,7083.0,0.05448461538461538,361.1111111111111,6721.888888888889,2,1,1,0,5–10k,100–150k,301–360
LP002178,Male,Y,0,Graduate,N,3013,3033.0,95.0,300.0,,Urban,Y,6046.0,0.06364210526315789,316.6666666666667,5729.333333333333,2,0,1,0,5–10k,<100k,241–300
LP002180,Male,N,0,Graduate,Y,6822,0.0,141.0,360.0,1.0,Rural,Y,6822.0,0.04838297872340425,391.6666666666667,6430.333333333333,1,1,1,1,5–10k,100–150k,301–360
LP002181,Male,N,0,Not Graduate,N,6216,0.0,133.0,360.0,1.0,Rural,N,6216.0,0.04673684210526316,369.44444444444446,5846.555555555556,1,1,0,0,5–10k,100–150k,301–360
LP002187,Male,N,0,Graduate,N,2500,0.0,96.0,480.0,1.0,Semiurban,N,2500.0,0.026041666666666668,200.0,2300.0,1,1,1,0,<2.5k,<100k,>360
LP002188,Male,N,0,Graduate,N,5124,0.0,124.0,,0.0,Rural,N,5124.0,0.04132258064516129,365.2777777777778,4970.333333333333,1,0,1,0,5–10k,100–150k,Unknown
LP002190,Male,Y,1,Graduate,N,6325,0.0,175.0,360.0,1.0,Semiurban,Y,6325.0,0.03614285714285714,486.1111111111111,5838.888888888889,3,1,1,0,5–10k,150–200k,301–360
LP002191,Male,Y,0,Graduate,N,19730,5266.0,570.0,360.0,1.0,Rural,N,24996.0,0.043852631578947365,1583.3333333333333,23412.666666666668,2,1,1,0,>20k,>300k,301–360
LP002194,Female,N,0,Graduate,Y,15759,0.0,55.0,360.0,1.0,Semiurban,Y,15759.0,0.28652727272727274,152.77777777777777,15606.222222222223,1,1,1,1,10–20k,<100k,301–360
LP002197,Male,Y,2,Graduate,N,5185,0.0,155.0,360.0,1.0,Semiurban,Y,5185.0,0.033451612903225805,430.55555555555554,4754.444444444444,4,1,1,0,5–10k,150–200k,301–360
LP002201,Male,Y,2,Graduate,Y,9323,7873.0,380.0,300.0,1.0,Rural,Y,17196.0,0.04525263157894737,1266.6666666666667,15929.333333333334,4,1,1,1,10–20k,>300k,241–300
LP002205,Male,N,1,Graduate,N,3062,1987.0,111.0,180.0,0.0,Urban,N,5049.0,0.04548648648648649,616.6666666666666,4432.333333333333,2,0,1,0,5–10k,100–150k,<=180
LP002209,Female,N,0,Graduate,,2764,1459.0,110.0,360.0,1.0,Urban,Y,4223.0,0.038390909090909094,305.55555555555554,3917.4444444444443,1,1,1,0,2.5–5k,100–150k,301–360
LP002211,Male,Y,0,Graduate,N,4817,923.0,120.0,180.0,1.0,Urban,Y,5740.0,0.04783333333333333,666.6666666666666,5073.333333333333,2,1,1,0,5–10k,100–150k,<=180
LP002219,Male,Y,3,Graduate,N,8750,4996.0,130.0,360.0,1.0,Rural,Y,13746.0,0.10573846153846155,361.1111111111111,13384.888888888889,5,1,1,0,10–20k,100–150k,301–360
LP002223,Male,Y,0,Graduate,N,4310,0.0,130.0,360.0,,Semiurban,Y,4310.0,0.03315384615384615,361.1111111111111,3948.8888888888887,2,0,1,0,2.5–5k,100–150k,301–360
LP002224,Male,N,0,Graduate,N,3069,0.0,71.0,480.0,1.0,Urban,N,3069.0,0.04322535211267606,147.91666666666666,2921.0833333333335,1,1,1,0,2.5–5k,<100k,>360
LP002225,Male,Y,2,Graduate,N,5391,0.0,130.0,360.0,1.0,Urban,Y,5391.0,0.04146923076923077,361.1111111111111,5029.888888888889,4,1,1,0,5–10k,100–150k,301–360
LP002226,Male,Y,0,Graduate,,3333,2500.0,128.0,360.0,1.0,Semiurban,Y,5833.0,0.0455703125,355.55555555555554,5477.444444444444,2,1,1,0,5–10k,100–150k,301–360
LP002229,Male,N,0,Graduate,N,5941,4232.0,296.0,360.0,1.0,Semiurban,Y,10173.0,0.034368243243243245,822.2222222222222,9350.777777777777,1,1,1,0,10–20k,200–300k,301–360
LP002231,Female,N,0,Graduate,N,6000,0.0,156.0,360.0,1.0,Urban,Y,6000.0,0.038461538461538464,433.3333333333333,5566.666666666667,1,1,1,0,5–10k,150–200k,301–360
LP002234,Male,N,0,Graduate,Y,7167,0.0,128.0,360.0,1.0,Urban,Y,7167.0,0.0559921875,355.55555555555554,6811.444444444444,1,1,1,1,5–10k,100–150k,301–360
LP002236,Male,Y,2,Graduate,N,4566,0.0,100.0,360.0,1.0,Urban,N,4566.0,0.04566,277.77777777777777,4288.222222222223,4,1,1,0,2.5–5k,<100k,301–360
LP002237,Male,N,1,Graduate,,3667,0.0,113.0,180.0,1.0,Urban,Y,3667.0,0.032451327433628316,627.7777777777778,3039.222222222222,2,1,1,0,2.5–5k,100–150k,<=180
LP002239,Male,N,0,Not Graduate,N,2346,1600.0,132.0,360.0,1.0,Semiurban,Y,3946.0,0.029893939393939393,366.6666666666667,3579.3333333333335,1,1,0,0,2.5–5k,100–150k,301–360
LP002243,Male,Y,0,Not Graduate,N,3010,3136.0,,360.0,0.0,Urban,N,6146.0,0.041426539654408505,365.2777777777778,4970.333333333333,2,0,0,0,5–10k,Unknown,301–360
LP002244,Male,Y,0,Graduate,N,2333,2417.0,136.0,360.0,1.0,Urban,Y,4750.0,0.034926470588235295,377.77777777777777,4372.222222222223,2,1,1,0,2.5–5k,100–150k,301–360
LP002250,Male,Y,0,Graduate,N,5488,0.0,125.0,360.0,1.0,Rural,Y,5488.0,0.043904,347.22222222222223,5140.777777777777,2,1,1,0,5–10k,100–150k,301–360
LP002255,Male,N,3,Graduate,N,9167,0.0,185.0,360.0,1.0,Rural,Y,9167.0,0.04955135135135135,513.8888888888889,8653.111111111111,4,1,1,0,5–10k,150–200k,301–360
LP002262,Male,Y,3,Graduate,N,9504,0.0,275.0,360.0,1.0,Rural,Y,9504.0,0.03456,763.8888888888889,8740.111111111111,5,1,1,0,5–10k,200–300k,301–360
LP002263,Male,Y,0,Graduate,N,2583,2115.0,120.0,360.0,,Urban,Y,4698.0,0.03915,333.3333333333333,4364.666666666667,2,0,1,0,2.5–5k,100–150k,301–360
LP002265,Male,Y,2,Not Graduate,N,1993,1625.0,113.0,180.0,1.0,Semiurban,Y,3618.0,0.03201769911504425,627.7777777777778,2990.222222222222,4,1,0,0,2.5–5k,100–150k,<=180
LP002266,Male,Y,2,Graduate,N,3100,1400.0,113.0,360.0,1.0,Urban,Y,4500.0,0.03982300884955752,313.8888888888889,4186.111111111111,4,1,1,0,2.5–5k,100–150k,301–360
LP002272,Male,Y,2,Graduate,N,3276,484.0,135.0,360.0,,Semiurban,Y,3760.0,0.027851851851851853,375.0,3385.0,4,0,1,0,2.5–5k,100–150k,301–360
LP002277,Female,N,0,Graduate,N,3180,0.0,71.0,360.0,0.0,Urban,N,3180.0,0.0447887323943662,197.22222222222223,2982.777777777778,1,0,1,0,2.5–5k,<100k,301–360
LP002281,Male,Y,0,Graduate,N,3033,1459.0,95.0,360.0,1.0,Urban,Y,4492.0,0.04728421052631579,263.8888888888889,4228.111111111111,2,1,1,0,2.5–5k,<100k,301–360
LP002284,Male,N,0,Not Graduate,N,3902,1666.0,109.0,360.0,1.0,Rural,Y,5568.0,0.05108256880733945,302.77777777777777,5265.222222222223,1,1,0,0,5–10k,100–150k,301–360
LP002287,Female,N,0,Graduate,N,1500,1800.0,103.0,360.0,0.0,Semiurban,N,3300.0,0.03203883495145631,286.1111111111111,3013.8888888888887,1,0,1,0,2.5–5k,100–150k,301–360
LP002288,Male,Y,2,Not Graduate,N,2889,0.0,45.0,180.0,0.0,Urban,N,2889.0,0.0642,250.0,2639.0,4,0,0,0,2.5–5k,<100k,<=180
LP002296,Male,N,0,Not Graduate,N,2755,0.0,65.0,300.0,1.0,Rural,N,2755.0,0.04238461538461538,216.66666666666666,2538.3333333333335,1,1,0,0,2.5–5k,<100k,241–300
LP002297,Male,N,0,Graduate,N,2500,20000.0,103.0,360.0,1.0,Semiurban,Y,22500.0,0.21844660194174756,286.1111111111111,22213.88888888889,1,1,1,0,>20k,100–150k,301–360
LP002300,Female,N,0,Not Graduate,N,1963,0.0,53.0,360.0,1.0,Semiurban,Y,1963.0,0.037037735849056605,147.22222222222223,1815.7777777777778,1,1,0,0,<2.5k,<100k,301–360
LP002301,Female,N,0,Graduate,Y,7441,0.0,194.0,360.0,1.0,Rural,N,7441.0,0.038355670103092786,538.8888888888889,6902.111111111111,1,1,1,1,5–10k,150–200k,301–360
LP002305,Female,N,0,Graduate,N,4547,0.0,115.0,360.0,1.0,Semiurban,Y,4547.0,0.03953913043478261,319.44444444444446,4227.555555555556,1,1,1,0,2.5–5k,100–150k,301–360
LP002308,Male,Y,0,Not Graduate,N,2167,2400.0,115.0,360.0,1.0,Urban,Y,4567.0,0.03971304347826087,319.44444444444446,4247.555555555556,2,1,0,0,2.5–5k,100–150k,301–360
LP002314,Female,N,0,Not Graduate,N,2213,0.0,66.0,360.0,1.0,Rural,Y,2213.0,0.03353030303030303,183.33333333333334,2029.6666666666667,1,1,0,0,<2.5k,<100k,301–360
LP002315,Male,Y,1,Graduate,N,8300,0.0,152.0,300.0,0.0,Semiurban,N,8300.0,0.05460526315789474,506.6666666666667,7793.333333333333,3,0,1,0,5–10k,150–200k,241–300
LP002317,Male,Y,3,Graduate,N,81000,0.0,360.0,360.0,0.0,Rural,N,81000.0,0.225,1000.0,80000.0,5,0,1,0,>20k,>300k,301–360
LP002318,Female,N,1,Not Graduate,Y,3867,0.0,62.0,360.0,1.0,Semiurban,N,3867.0,0.062370967741935485,172.22222222222223,3694.777777777778,2,1,0,1,2.5–5k,<100k,301–360
LP002319,Male,Y,0,Graduate,,6256,0.0,160.0,360.0,,Urban,Y,6256.0,0.0391,444.44444444444446,5811.555555555556,2,0,1,0,5–10k,150–200k,301–360
LP002328,Male,Y,0,Not Graduate,N,6096,0.0,218.0,360.0,0.0,Rural,N,6096.0,0.027963302752293577,605.5555555555555,5490.444444444444,2,0,0,0,5–10k,200–300k,301–360
LP002332,Male,Y,0,Not Graduate,N,2253,2033.0,110.0,360.0,1.0,Rural,Y,4286.0,0.03896363636363637,305.55555555555554,3980.4444444444443,2,1,0,0,2.5–5k,100–150k,301–360
LP002335,Female,Y,0,Not Graduate,N,2149,3237.0,178.0,360.0,0.0,Semiurban,N,5386.0,0.030258426966292135,494.44444444444446,4891.555555555556,2,0,0,0,5–10k,150–200k,301–360
LP002337,Female,N,0,Graduate,N,2995,0.0,60.0,360.0,1.0,Urban,Y,2995.0,0.049916666666666665,166.66666666666666,2828.3333333333335,1,1,1,0,2.5–5k,<100k,301–360
LP002341,Female,N,1,Graduate,N,2600,0.0,160.0,360.0,1.0,Urban,N,2600.0,0.01625,444.44444444444446,2155.5555555555557,2,1,1,0,2.5–5k,150–200k,301–360
LP002342,Male,Y,2,Graduate,Y,1600,20000.0,239.0,360.0,1.0,Urban,N,21600.0,0.09037656903765691,663.8888888888889,20936.11111111111,4,1,1,1,>20k,200–300k,301–360
LP002345,Male,Y,0,Graduate,N,1025,2773.0,112.0,360.0,1.0,Rural,Y,3798.0,0.03391071428571429,311.1111111111111,3486.8888888888887,2,1,1,0,2.5–5k,100–150k,301–360
LP002347,Male,Y,0,Graduate,N,3246,1417.0,138.0,360.0,1.0,Semiurban,Y,4663.0,0.033789855072463765,383.3333333333333,4279.666666666667,2,1,1,0,2.5–5k,100–150k,301–360
LP002348,Male,Y,0,Graduate,N,5829,0.0,138.0,360.0,1.0,Rural,Y,5829.0,0.042239130434782605,383.3333333333333,5445.666666666667,2,1,1,0,5–10k,100–150k,301–360
LP002357,Female,N,0,Not Graduate,N,2720,0.0,80.0,,0.0,Urban,N,2720.0,0.034,365.2777777777778,4970.333333333333,1,0,0,0,2.5–5k,<100k,Unknown
LP002361,Male,Y,0,Graduate,N,1820,1719.0,100.0,360.0,1.0,Urban,Y,3539.0,0.03539,277.77777777777777,3261.222222222222,2,1,1,0,2.5–5k,<100k,301–360
LP002362,Male,Y,1,Graduate,N,7250,1667.0,110.0,,0.0,Urban,N,8917.0,0.08106363636363637,365.2777777777778,4970.333333333333,3,0,1,0,5–10k,100–150k,Unknown
LP002364,Male,Y,0,Graduate,N,14880,0.0,96.0,360.0,1.0,Semiurban,Y,14880.0,0.155,266.6666666666667,14613.333333333334,2,1,1,0,10–20k,<100k,301–360
LP002366,Male,Y,0,Graduate,N,2666,4300.0,121.0,360.0,1.0,Rural,Y,6966.0,0.057570247933884294,336.1111111111111,6629.888888888889,2,1,1,0,5–10k,100–150k,301–360
LP002367,Female,N,1,Not Graduate,N,4606,0.0,81.0,360.0,1.0,Rural,N,4606.0,0.0568641975308642,225.0,4381.0,2,1,0,0,2.5–5k,<100k,301–360
LP002368,Male,Y,2,Graduate,N,5935,0.0,133.0,360.0,1.0,Semiurban,Y,5935.0,0.04462406015037594,369.44444444444446,5565.555555555556,4,1,1,0,5–10k,100–150k,301–360
LP002369,Male,Y,0,Graduate,N,2920,16.12000084,87.0,360.0,1.0,Rural,Y,2936.12000084,0.03374850575678161,241.66666666666666,2694.4533341733336,2,1,1,0,2.5–5k,<100k,301–360
LP002370,Male,N,0,Not Graduate,N,2717,0.0,60.0,180.0,1.0,Urban,Y,2717.0,0.045283333333333335,333.3333333333333,2383.6666666666665,1,1,0,0,2.5–5k,<100k,<=180
LP002377,Female,N,1,Graduate,Y,8624,0.0,150.0,360.0,1.0,Semiurban,Y,8624.0,0.057493333333333334,416.6666666666667,8207.333333333334,2,1,1,1,5–10k,100–150k,301–360
LP002379,Male,N,0,Graduate,N,6500,0.0,105.0,360.0,0.0,Rural,N,6500.0,0.06190476190476191,291.6666666666667,6208.333333333333,1,0,1,0,5–10k,100–150k,301–360
LP002386,Male,N,0,Graduate,,12876,0.0,405.0,360.0,1.0,Semiurban,Y,12876.0,0.031792592592592595,1125.0,11751.0,1,1,1,0,10–20k,>300k,301–360
LP002387,Male,Y,0,Graduate,N,2425,2340.0,143.0,360.0,1.0,Semiurban,Y,4765.0,0.03332167832167832,397.22222222222223,4367.777777777777,2,1,1,0,2.5–5k,100–150k,301–360
LP002390,Male,N,0,Graduate,N,3750,0.0,100.0,360.0,1.0,Urban,Y,3750.0,0.0375,277.77777777777777,3472.222222222222,1,1,1,0,2.5–5k,<100k,301–360
LP002393,Female,,0,Graduate,N,10047,0.0,,240.0,1.0,Semiurban,Y,10047.0,0.041426539654408505,365.2777777777778,4970.333333333333,1,1,1,0,10–20k,Unknown,181–240
LP002398,Male,N,0,Graduate,N,1926,1851.0,50.0,360.0,1.0,Semiurban,Y,3777.0,0.07554,138.88888888888889,3638.1111111111113,1,1,1,0,2.5–5k,<100k,301–360
LP002401,Male,Y,0,Graduate,N,2213,1125.0,,360.0,1.0,Urban,Y,3338.0,0.041426539654408505,365.2777777777778,4970.333333333333,2,1,1,0,2.5–5k,Unknown,301–360
LP002403,Male,N,0,Graduate,Y,10416,0.0,187.0,360.0,0.0,Urban,N,10416.0,0.05570053475935829,519.4444444444445,9896.555555555555,1,0,1,1,10–20k,150–200k,301–360
LP002407,Female,Y,0,Not Graduate,Y,7142,0.0,138.0,360.0,1.0,Rural,Y,7142.0,0.051753623188405797,383.3333333333333,6758.666666666667,2,1,0,1,5–10k,100–150k,301–360
LP002408,Male,N,0,Graduate,N,3660,5064.0,187.0,360.0,1.0,Semiurban,Y,8724.0,0.046652406417112297,519.4444444444445,8204.555555555555,1,1,1,0,5–10k,150–200k,301–360
LP002409,Male,Y,0,Graduate,N,7901,1833.0,180.0,360.0,1.0,Rural,Y,9734.0,0.05407777777777778,500.0,9234.0,2,1,1,0,5–10k,150–200k,301–360
LP002418,Male,N,3,Not Graduate,N,4707,1993.0,148.0,360.0,1.0,Semiurban,Y,6700.0,0.04527027027027027,411.1111111111111,6288.888888888889,4,1,0,0,5–10k,100–150k,301–360
LP002422,Male,N,1,Graduate,N,37719,0.0,152.0,360.0,1.0,Semiurban,Y,37719.0,0.2481513157894737,422.22222222222223,37296.77777777778,2,1,1,0,>20k,150–200k,301–360
LP002424,Male,Y,0,Graduate,N,7333,8333.0,175.0,300.0,,Rural,Y,15666.0,0.08952,583.3333333333334,15082.666666666666,2,0,1,0,10–20k,150–200k,241–300
LP002429,Male,Y,1,Graduate,Y,3466,1210.0,130.0,360.0,1.0,Rural,Y,4676.0,0.03596923076923077,361.1111111111111,4314.888888888889,3,1,1,1,2.5–5k,100–150k,301–360
LP002434,Male,Y,2,Not Graduate,N,4652,0.0,110.0,360.0,1.0,Rural,Y,4652.0,0.042290909090909094,305.55555555555554,4346.444444444444,4,1,0,0,2.5–5k,100–150k,301–360
LP002435,Male,Y,0,Graduate,,3539,1376.0,55.0,360.0,1.0,Rural,N,4915.0,0.08936363636363637,152.77777777777777,4762.222222222223,2,1,1,0,2.5–5k,<100k,301–360
LP002443,Male,Y,2,Graduate,N,3340,1710.0,150.0,360.0,0.0,Rural,N,5050.0,0.033666666666666664,416.6666666666667,4633.333333333333,4,0,1,0,5–10k,100–150k,301–360
LP002444,Male,N,1,Not Graduate,Y,2769,1542.0,190.0,360.0,,Semiurban,N,4311.0,0.022689473684210527,527.7777777777778,3783.222222222222,2,0,0,1,2.5–5k,150–200k,301–360
LP002446,Male,Y,2,Not Graduate,N,2309,1255.0,125.0,360.0,0.0,Rural,N,3564.0,0.028512,347.22222222222223,3216.777777777778,4,0,0,0,2.5–5k,100–150k,301–360
LP002447,Male,Y,2,Not Graduate,N,1958,1456.0,60.0,300.0,,Urban,Y,3414.0,0.0569,200.0,3214.0,4,0,0,0,2.5–5k,<100k,241–300
LP002448,Male,Y,0,Graduate,N,3948,1733.0,149.0,360.0,0.0,Rural,N,5681.0,0.03812751677852349,413.8888888888889,5267.111111111111,2,0,1,0,5–10k,100–150k,301–360
LP002449,Male,Y,0,Graduate,N,2483,2466.0,90.0,180.0,0.0,Rural,Y,4949.0,0.054988888888888886,500.0,4449.0,2,0,1,0,2.5–5k,<100k,<=180
LP002453,Male,N,0,Graduate,Y,7085,0.0,84.0,360.0,1.0,Semiurban,Y,7085.0,0.0843452380952381,233.33333333333334,6851.666666666667,1,1,1,1,5–10k,<100k,301–360
LP002455,Male,Y,2,Graduate,N,3859,0.0,96.0,360.0,1.0,Semiurban,Y,3859.0,0.040197916666666667,266.6666666666667,3592.3333333333335,4,1,1,0,2.5–5k,<100k,301–360
LP002459,Male,Y,0,Graduate,N,4301,0.0,118.0,360.0,1.0,Urban,Y,4301.0,0.03644915254237288,327.77777777777777,3973.222222222222,2,1,1,0,2.5–5k,100–150k,301–360
LP002467,Male,Y,0,Graduate,N,3708,2569.0,173.0,360.0,1.0,Urban,N,6277.0,0.036283236994219654,480.55555555555554,5796.444444444444,2,1,1,0,5–10k,150–200k,301–360
LP002472,Male,N,2,Graduate,N,4354,0.0,136.0,360.0,1.0,Rural,Y,4354.0,0.03201470588235294,377.77777777777777,3976.222222222222,3,1,1,0,2.5–5k,100–150k,301–360
LP002473,Male,Y,0,Graduate,N,8334,0.0,160.0,360.0,1.0,Semiurban,N,8334.0,0.0520875,444.44444444444446,7889.555555555556,2,1,1,0,5–10k,150–200k,301–360
LP002478,Nan,Y,0,Graduate,Y,2083,4083.0,160.0,360.0,,Semiurban,Y,6166.0,0.0385375,444.44444444444446,5721.555555555556,2,0,1,1,5–10k,150–200k,301–360
LP002484,Male,Y,3,Graduate,N,7740,0.0,128.0,180.0,1.0,Urban,Y,7740.0,0.06046875,711.1111111111111,7028.888888888889,5,1,1,0,5–10k,100–150k,<=180
LP002487,Male,Y,0,Graduate,N,3015,2188.0,153.0,360.0,1.0,Rural,Y,5203.0,0.03400653594771242,425.0,4778.0,2,1,1,0,5–10k,150–200k,301–360
LP002489,Female,N,1,Not Graduate,,5191,0.0,132.0,360.0,1.0,Semiurban,Y,5191.0,0.039325757575757576,366.6666666666667,4824.333333333333,2,1,0,0,5–10k,100–150k,301–360
LP002493,Male,N,0,Graduate,N,4166,0.0,98.0,360.0,0.0,Semiurban,N,4166.0,0.042510204081632655,272.22222222222223,3893.777777777778,1,0,1,0,2.5–5k,<100k,301–360
LP002494,Male,N,0,Graduate,N,6000,0.0,140.0,360.0,1.0,Rural,Y,6000.0,0.04285714285714286,388.8888888888889,5611.111111111111,1,1,1,0,5–10k,100–150k,301–360
LP002500,Male,Y,3,Not Graduate,N,2947,1664.0,70.0,180.0,0.0,Urban,N,4611.0,0.06587142857142857,388.8888888888889,4222.111111111111,5,0,0,0,2.5–5k,<100k,<=180
LP002501,Nan,Y,0,Graduate,N,16692,0.0,110.0,360.0,1.0,Semiurban,Y,16692.0,0.15174545454545454,305.55555555555554,16386.444444444445,2,1,1,0,10–20k,100–150k,301–360
LP002502,Female,Y,2,Not Graduate,,210,2917.0,98.0,360.0,1.0,Semiurban,Y,3127.0,0.03190816326530612,272.22222222222223,2854.777777777778,4,1,0,0,2.5–5k,<100k,301–360
LP002505,Male,Y,0,Graduate,N,4333,2451.0,110.0,360.0,1.0,Urban,N,6784.0,0.061672727272727275,305.55555555555554,6478.444444444444,2,1,1,0,5–10k,100–150k,301–360
LP002515,Male,Y,1,Graduate,Y,3450,2079.0,162.0,360.0,1.0,Semiurban,Y,5529.0,0.03412962962962963,450.0,5079.0,3,1,1,1,5–10k,150–200k,301–360
LP002517,Male,Y,1,Not Graduate,N,2653,1500.0,113.0,180.0,0.0,Rural,N,4153.0,0.036752212389380534,627.7777777777778,3525.222222222222,3,0,0,0,2.5–5k,100–150k,<=180
LP002519,Male,Y,3,Graduate,N,4691,0.0,100.0,360.0,1.0,Semiurban,Y,4691.0,0.04691,277.77777777777777,4413.222222222223,5,1,1,0,2.5–5k,<100k,301–360
LP002522,Female,N,0,Graduate,Y,2500,0.0,93.0,360.0,,Urban,Y,2500.0,0.026881720430107527,258.3333333333333,2241.6666666666665,1,0,1,1,<2.5k,<100k,301–360
LP002524,Male,N,2,Graduate,N,5532,4648.0,162.0,360.0,1.0,Rural,Y,10180.0,0.06283950617283951,450.0,9730.0,3,1,1,0,10–20k,150–200k,301–360
LP002527,Male,Y,2,Graduate,Y,16525,1014.0,150.0,360.0,1.0,Rural,Y,17539.0,0.11692666666666666,416.6666666666667,17122.333333333332,4,1,1,1,10–20k,100–150k,301–360
LP002529,Male,Y,2,Graduate,N,6700,1750.0,230.0,300.0,1.0,Semiurban,Y,8450.0,0.03673913043478261,766.6666666666666,7683.333333333333,4,1,1,0,5–10k,200–300k,241–300
LP002530,Nan,Y,2,Graduate,N,2873,1872.0,132.0,360.0,0.0,Semiurban,N,4745.0,0.0359469696969697,366.6666666666667,4378.333333333333,4,0,1,0,2.5–5k,100–150k,301–360
LP002531,Male,Y,1,Graduate,Y,16667,2250.0,86.0,360.0,1.0,Semiurban,Y,18917.0,0.21996511627906976,238.88888888888889,18678.11111111111,3,1,1,1,10–20k,<100k,301–360
LP002533,Male,Y,2,Graduate,N,2947,1603.0,,360.0,1.0,Urban,N,4550.0,0.041426539654408505,365.2777777777778,4970.333333333333,4,1,1,0,2.5–5k,Unknown,301–360
LP002534,Female,N,0,Not Graduate,N,4350,0.0,154.0,360.0,1.0,Rural,Y,4350.0,0.028246753246753246,427.77777777777777,3922.222222222222,1,1,0,0,2.5–5k,150–200k,301–360
LP002536,Male,Y,3,Not Graduate,N,3095,0.0,113.0,360.0,1.0,Rural,Y,3095.0,0.02738938053097345,313.8888888888889,2781.1111111111113,5,1,0,0,2.5–5k,100–150k,301–360
LP002537,Male,Y,0,Graduate,N,2083,3150.0,128.0,360.0,1.0,Semiurban,Y,5233.0,0.0408828125,355.55555555555554,4877.444444444444,2,1,1,0,5–10k,100–150k,301–360
LP002541,Male,Y,0,Graduate,N,10833,0.0,234.0,360.0,1.0,Semiurban,Y,10833.0,0.046294871794871795,650.0,10183.0,2,1,1,0,10–20k,200–300k,301–360
LP002543,Male,Y,2,Graduate,N,8333,0.0,246.0,360.0,1.0,Semiurban,Y,8333.0,0.033873983739837396,683.3333333333334,7649.666666666667,4,1,1,0,5–10k,200–300k,301–360
LP002544,Male,Y,1,Not Graduate,N,1958,2436.0,131.0,360.0,1.0,Rural,Y,4394.0,0.03354198473282443,363.8888888888889,4030.1111111111113,3,1,0,0,2.5–5k,100–150k,301–360
LP002545,Male,N,2,Graduate,N,3547,0.0,80.0,360.0,0.0,Rural,N,3547.0,0.0443375,222.22222222222223,3324.777777777778,3,0,1,0,2.5–5k,<100k,301–360
LP002547,Male,Y,1,Graduate,N,18333,0.0,500.0,360.0,1.0,Urban,N,18333.0,0.036666,1388.888888888889,16944.11111111111,3,1,1,0,10–20k,>300k,301–360
LP002555,Male,Y,2,Graduate,Y,4583,2083.0,160.0,360.0,1.0,Semiurban,Y,6666.0,0.0416625,444.44444444444446,6221.555555555556,4,1,1,1,5–10k,150–200k,301–360
LP002556,Male,N,0,Graduate,N,2435,0.0,75.0,360.0,1.0,Urban,N,2435.0,0.032466666666666665,208.33333333333334,2226.6666666666665,1,1,1,0,<2.5k,<100k,301–360
LP002560,Male,N,0,Not Graduate,N,2699,2785.0,96.0,360.0,,Semiurban,Y,5484.0,0.057125,266.6666666666667,5217.333333333333,1,0,0,0,5–10k,<100k,301–360
LP002562,Male,Y,1,Not Graduate,N,5333,1131.0,186.0,360.0,,Urban,Y,6464.0,0.03475268817204301,516.6666666666666,5947.333333333333,3,0,0,0,5–10k,150–200k,301–360
LP002571,Male,N,0,Not Graduate,N,3691,0.0,110.0,360.0,1.0,Rural,Y,3691.0,0.033554545454545455,305.55555555555554,3385.4444444444443,1,1,0,0,2.5–5k,100–150k,301–360
LP002582,Female,N,0,Not Graduate,Y,17263,0.0,225.0,360.0,1.0,Semiurban,Y,17263.0,0.07672444444444444,625.0,16638.0,1,1,0,1,10–20k,200–300k,301–360
LP002585,Male,Y,0,Graduate,N,3597,2157.0,119.0,360.0,0.0,Rural,N,5754.0,0.04835294117647059,330.55555555555554,5423.444444444444,2,0,1,0,5–10k,100–150k,301–360
LP002586,Female,Y,1,Graduate,N,3326,913.0,105.0,84.0,1.0,Semiurban,Y,4239.0,0.04037142857142857,1250.0,2989.0,3,1,1,0,2.5–5k,100–150k,<=180
LP002587,Male,Y,0,Not Graduate,N,2600,1700.0,107.0,360.0,1.0,Rural,Y,4300.0,0.04018691588785047,297.22222222222223,4002.777777777778,2,1,0,0,2.5–5k,100–150k,301–360
LP002588,Male,Y,0,Graduate,N,4625,2857.0,111.0,12.0,,Urban,Y,7482.0,0.0674054054054054,9250.0,-1768.0,2,0,1,0,5–10k,100–150k,<=180
LP002600,Male,Y,1,Graduate,Y,2895,0.0,95.0,360.0,1.0,Semiurban,Y,2895.0,0.030473684210526316,263.8888888888889,2631.1111111111113,3,1,1,1,2.5–5k,<100k,301–360
LP002602,Male,N,0,Graduate,N,6283,4416.0,209.0,360.0,0.0,Rural,N,10699.0,0.051191387559808614,580.5555555555555,10118.444444444445,1,0,1,0,10–20k,200–300k,301–360
LP002603,Female,N,0,Graduate,N,645,3683.0,113.0,480.0,1.0,Rural,Y,4328.0,0.038300884955752214,235.41666666666666,4092.5833333333335,1,1,1,0,2.5–5k,100–150k,>360
LP002606,Female,N,0,Graduate,N,3159,0.0,100.0,360.0,1.0,Semiurban,Y,3159.0,0.03159,277.77777777777777,2881.222222222222,1,1,1,0,2.5–5k,<100k,301–360
LP002615,Male,Y,2,Graduate,N,4865,5624.0,208.0,360.0,1.0,Semiurban,Y,10489.0,0.05042788461538462,577.7777777777778,9911.222222222223,4,1,1,0,10–20k,200–300k,301–360
LP002618,Male,Y,1,Not Graduate,N,4050,5302.0,138.0,360.0,,Rural,N,9352.0,0.06776811594202899,383.3333333333333,8968.666666666666,3,0,0,0,5–10k,100–150k,301–360
LP002619,Male,Y,0,Not Graduate,N,3814,1483.0,124.0,300.0,1.0,Semiurban,Y,5297.0,0.04271774193548387,413.3333333333333,4883.666666666667,2,1,0,0,5–10k,100–150k,241–300
LP002622,Male,Y,2,Graduate,N,3510,4416.0,243.0,360.0,1.0,Rural,Y,7926.0,0.03261728395061728,675.0,7251.0,4,1,1,0,5–10k,200–300k,301–360
LP002624,Male,Y,0,Graduate,N,20833,6667.0,480.0,360.0,,Urban,Y,27500.0,0.057291666666666664,1333.3333333333333,26166.666666666668,2,0,1,0,>20k,>300k,301–360
LP002625,Nan,N,0,Graduate,N,3583,0.0,96.0,360.0,1.0,Urban,N,3583.0,0.037322916666666664,266.6666666666667,3316.3333333333335,1,1,1,0,2.5–5k,<100k,301–360
LP002626,Male,Y,0,Graduate,Y,2479,3013.0,188.0,360.0,1.0,Urban,Y,5492.0,0.029212765957446808,522.2222222222222,4969.777777777777,2,1,1,1,5–10k,150–200k,301–360
LP002634,Female,N,1,Graduate,N,13262,0.0,40.0,360.0,1.0,Urban,Y,13262.0,0.33155,111.11111111111111,13150.888888888889,2,1,1,0,10–20k,<100k,301–360
LP002637,Male,N,0,Not Graduate,N,3598,1287.0,100.0,360.0,1.0,Rural,N,4885.0,0.04885,277.77777777777777,4607.222222222223,1,1,0,0,2.5–5k,<100k,301–360
LP002640,Male,Y,1,Graduate,N,6065,2004.0,250.0,360.0,1.0,Semiurban,Y,8069.0,0.032276,694.4444444444445,7374.555555555556,3,1,1,0,5–10k,200–300k,301–360
LP002643,Male,Y,2,Graduate,N,3283,2035.0,148.0,360.0,1.0,Urban,Y,5318.0,0.03593243243243243,411.1111111111111,4906.888888888889,4,1,1,0,5–10k,100–150k,301–360
LP002648,Male,Y,0,Graduate,N,2130,6666.0,70.0,180.0,1.0,Semiurban,N,8796.0,0.12565714285714286,388.8888888888889,8407.111111111111,2,1,1,0,5–10k,<100k,<=180
LP002652,Male,N,0,Graduate,N,5815,3666.0,311.0,360.0,1.0,Rural,N,9481.0,0.030485530546623795,863.8888888888889,8617.111111111111,1,1,1,0,5–10k,>300k,301–360
LP002659,Male,Y,3,Graduate,N,3466,3428.0,150.0,360.0,1.0,Rural,Y,6894.0,0.04596,416.6666666666667,6477.333333333333,5,1,1,0,5–10k,100–150k,301–360
LP002670,Female,Y,2,Graduate,N,2031,1632.0,113.0,480.0,1.0,Semiurban,Y,3663.0,0.03241592920353982,235.41666666666666,3427.5833333333335,4,1,1,0,2.5–5k,100–150k,>360
LP002682,Male,Y,0,Not Graduate,N,3074,1800.0,123.0,360.0,0.0,Semiurban,N,4874.0,0.0396260162601626,341.6666666666667,4532.333333333333,2,0,0,0,2.5–5k,100–150k,301–360
LP002683,Male,N,0,Graduate,N,4683,1915.0,185.0,360.0,1.0,Semiurban,N,6598.0,0.035664864864864865,513.8888888888889,6084.111111111111,1,1,1,0,5–10k,150–200k,301–360
LP002684,Female,N,0,Not Graduate,N,3400,0.0,95.0,360.0,1.0,Rural,N,3400.0,0.035789473684210524,263.8888888888889,3136.1111111111113,1,1,0,0,2.5–5k,<100k,301–360
LP002689,Male,Y,2,Not Graduate,N,2192,1742.0,45.0,360.0,1.0,Semiurban,Y,3934.0,0.08742222222222222,125.0,3809.0,4,1,0,0,2.5–5k,<100k,301–360
LP002690,Male,N,0,Graduate,N,2500,0.0,55.0,360.0,1.0,Semiurban,Y,2500.0,0.045454545454545456,152.77777777777777,2347.222222222222,1,1,1,0,<2.5k,<100k,301–360
LP002692,Male,Y,3,Graduate,Y,5677,1424.0,100.0,360.0,1.0,Rural,Y,7101.0,0.07101,277.77777777777777,6823.222222222223,5,1,1,1,5–10k,<100k,301–360
LP002693,Male,Y,2,Graduate,Y,7948,7166.0,480.0,360.0,1.0,Rural,Y,15114.0,0.0314875,1333.3333333333333,13780.666666666666,4,1,1,1,10–20k,>300k,301–360
LP002697,Male,N,0,Graduate,N,4680,2087.0,,360.0,1.0,Semiurban,N,6767.0,0.041426539654408505,365.2777777777778,4970.333333333333,1,1,1,0,5–10k,Unknown,301–360
LP002699,Male,Y,2,Graduate,Y,17500,0.0,400.0,360.0,1.0,Rural,Y,17500.0,0.04375,1111.111111111111,16388.88888888889,4,1,1,1,10–20k,>300k,301–360
LP002705,Male,Y,0,Graduate,N,3775,0.0,110.0,360.0,1.0,Semiurban,Y,3775.0,0.03431818181818182,305.55555555555554,3469.4444444444443,2,1,1,0,2.5–5k,100–150k,301–360
LP002706,Male,Y,1,Not Graduate,N,5285,1430.0,161.0,360.0,0.0,Semiurban,Y,6715.0,0.04170807453416149,447.22222222222223,6267.777777777777,3,0,0,0,5–10k,150–200k,301–360
LP002714,Male,N,1,Not Graduate,N,2679,1302.0,94.0,360.0,1.0,Semiurban,Y,3981.0,0.04235106382978723,261.1111111111111,3719.8888888888887,2,1,0,0,2.5–5k,<100k,301–360
LP002716,Male,N,0,Not Graduate,N,6783,0.0,130.0,360.0,1.0,Semiurban,Y,6783.0,0.05217692307692308,361.1111111111111,6421.888888888889,1,1,0,0,5–10k,100–150k,301–360
LP002717,Male,Y,0,Graduate,N,1025,5500.0,216.0,360.0,,Rural,Y,6525.0,0.030208333333333334,600.0,5925.0,2,0,1,0,5–10k,200–300k,301–360
LP002720,Male,Y,3,Graduate,N,4281,0.0,100.0,360.0,1.0,Urban,Y,4281.0,0.04281,277.77777777777777,4003.222222222222,5,1,1,0,2.5–5k,<100k,301–360
LP002723,Male,N,2,Graduate,N,3588,0.0,110.0,360.0,0.0,Rural,N,3588.0,0.03261818181818182,305.55555555555554,3282.4444444444443,3,0,1,0,2.5–5k,100–150k,301–360
LP002729,Male,N,1,Graduate,N,11250,0.0,196.0,360.0,,Semiurban,N,11250.0,0.05739795918367347,544.4444444444445,10705.555555555555,2,0,1,0,10–20k,150–200k,301–360
LP002731,Female,N,0,Not Graduate,Y,18165,0.0,125.0,360.0,1.0,Urban,Y,18165.0,0.14532,347.22222222222223,17817.777777777777,1,1,0,1,10–20k,100–150k,301–360
LP002732,Male,N,0,Not Graduate,,2550,2042.0,126.0,360.0,1.0,Rural,Y,4592.0,0.036444444444444446,350.0,4242.0,1,1,0,0,2.5–5k,100–150k,301–360
LP002734,Male,Y,0,Graduate,N,6133,3906.0,324.0,360.0,1.0,Urban,Y,10039.0,0.030984567901234567,900.0,9139.0,2,1,1,0,10–20k,>300k,301–360
LP002738,Male,N,2,Graduate,N,3617,0.0,107.0,360.0,1.0,Semiurban,Y,3617.0,0.03380373831775701,297.22222222222223,3319.777777777778,3,1,1,0,2.5–5k,100–150k,301–360
LP002739,Male,Y,0,Not Graduate,N,2917,536.0,66.0,360.0,1.0,Rural,N,3453.0,0.05231818181818182,183.33333333333334,3269.6666666666665,2,1,0,0,2.5–5k,<100k,301–360
LP002740,Male,Y,3,Graduate,N,6417,0.0,157.0,180.0,1.0,Rural,Y,6417.0,0.04087261146496815,872.2222222222222,5544.777777777777,5,1,1,0,5–10k,150–200k,<=180
LP002741,Female,Y,1,Graduate,N,4608,2845.0,140.0,180.0,1.0,Semiurban,Y,7453.0,0.05323571428571429,777.7777777777778,6675.222222222223,3,1,1,0,5–10k,100–150k,<=180
LP002743,Female,N,0,Graduate,N,2138,0.0,99.0,360.0,0.0,Semiurban,N,2138.0,0.021595959595959596,275.0,1863.0,1,0,1,0,<2.5k,<100k,301–360
LP002753,Female,N,1,Graduate,,3652,0.0,95.0,360.0,1.0,Semiurban,Y,3652.0,0.038442105263157896,263.8888888888889,3388.1111111111113,2,1,1,0,2.5–5k,<100k,301–360
LP002755,Male,Y,1,Not Graduate,N,2239,2524.0,128.0,360.0,1.0,Urban,Y,4763.0,0.0372109375,355.55555555555554,4407.444444444444,3,1,0,0,2.5–5k,100–150k,301–360
LP002757,Female,Y,0,Not Graduate,N,3017,663.0,102.0,360.0,,Semiurban,Y,3680.0,0.03607843137254902,283.3333333333333,3396.6666666666665,2,0,0,0,2.5–5k,100–150k,301–360
LP002767,Male,Y,0,Graduate,N,2768,1950.0,155.0,360.0,1.0,Rural,Y,4718.0,0.030438709677419355,430.55555555555554,4287.444444444444,2,1,1,0,2.5–5k,150–200k,301–360
LP002768,Male,N,0,Not Graduate,N,3358,0.0,80.0,36.0,1.0,Semiurban,N,3358.0,0.041975,2222.222222222222,1135.7777777777778,1,1,0,0,2.5–5k,<100k,<=180
LP002772,Male,N,0,Graduate,N,2526,1783.0,145.0,360.0,1.0,Rural,Y,4309.0,0.029717241379310345,402.77777777777777,3906.222222222222,1,1,1,0,2.5–5k,100–150k,301–360
LP002776,Female,N,0,Graduate,N,5000,0.0,103.0,360.0,0.0,Semiurban,N,5000.0,0.04854368932038835,286.1111111111111,4713.888888888889,1,0,1,0,2.5–5k,100–150k,301–360
LP002777,Male,Y,0,Graduate,N,2785,2016.0,110.0,360.0,1.0,Rural,Y,4801.0,0.04364545454545454,305.55555555555554,4495.444444444444,2,1,1,0,2.5–5k,100–150k,301–360
LP002778,Male,Y,2,Graduate,Y,6633,0.0,,360.0,0.0,Rural,N,6633.0,0.041426539654408505,365.2777777777778,4970.333333333333,4,0,1,1,5–10k,Unknown,301–360
LP002784,Male,Y,1,Not Graduate,N,2492,2375.0,,360.0,1.0,Rural,Y,4867.0,0.041426539654408505,365.2777777777778,4970.333333333333,3,1,0,0,2.5–5k,Unknown,301–360
LP002785,Male,Y,1,Graduate,N,3333,3250.0,158.0,360.0,1.0,Urban,Y,6583.0,0.04166455696202532,438.8888888888889,6144.111111111111,3,1,1,0,5–10k,150–200k,301–360
LP002788,Male,Y,0,Not Graduate,N,2454,2333.0,181.0,360.0,0.0,Urban,N,4787.0,0.026447513812154697,502.77777777777777,4284.222222222223,2,0,0,0,2.5–5k,150–200k,301–360
LP002789,Male,Y,0,Graduate,N,3593,4266.0,132.0,180.0,0.0,Rural,N,7859.0,0.059537878787878785,733.3333333333334,7125.666666666667,2,0,1,0,5–10k,100–150k,<=180
LP002792,Male,Y,1,Graduate,N,5468,1032.0,26.0,360.0,1.0,Semiurban,Y,6500.0,0.25,72.22222222222223,6427.777777777777,3,1,1,0,5–10k,<100k,301–360
LP002794,Female,N,0,Graduate,N,2667,1625.0,84.0,360.0,,Urban,Y,4292.0,0.051095238095238096,233.33333333333334,4058.6666666666665,1,0,1,0,2.5–5k,<100k,301–360
LP002795,Male,Y,3,Graduate,Y,10139,0.0,260.0,360.0,1.0,Semiurban,Y,10139.0,0.03899615384615385,722.2222222222222,9416.777777777777,5,1,1,1,10–20k,200–300k,301–360
LP002798,Male,Y,0,Graduate,N,3887,2669.0,162.0,360.0,1.0,Semiurban,Y,6556.0,0.040469135802469136,450.0,6106.0,2,1,1,0,5–10k,150–200k,301–360
LP002804,Female,Y,0,Graduate,N,4180,2306.0,182.0,360.0,1.0,Semiurban,Y,6486.0,0.03563736263736264,505.55555555555554,5980.444444444444,2,1,1,0,5–10k,150–200k,301–360
LP002807,Male,Y,2,Not Graduate,N,3675,242.0,108.0,360.0,1.0,Semiurban,Y,3917.0,0.03626851851851852,300.0,3617.0,4,1,0,0,2.5–5k,100–150k,301–360
LP002813,Female,Y,1,Graduate,Y,19484,0.0,600.0,360.0,1.0,Semiurban,Y,19484.0,0.03247333333333333,1666.6666666666667,17817.333333333332,3,1,1,1,10–20k,>300k,301–360
LP002820,Male,Y,0,Graduate,N,5923,2054.0,211.0,360.0,1.0,Rural,Y,7977.0,0.03780568720379147,586.1111111111111,7390.888888888889,2,1,1,0,5–10k,200–300k,301–360
LP002821,Male,N,0,Not Graduate,Y,5800,0.0,132.0,360.0,1.0,Semiurban,Y,5800.0,0.04393939393939394,366.6666666666667,5433.333333333333,1,1,0,1,5–10k,100–150k,301–360
LP002832,Male,Y,2,Graduate,N,8799,0.0,258.0,360.0,0.0,Urban,N,8799.0,0.0341046511627907,716.6666666666666,8082.333333333333,4,0,1,0,5–10k,200–300k,301–360
LP002833,Male,Y,0,Not Graduate,N,4467,0.0,120.0,360.0,,Rural,Y,4467.0,0.037225,333.3333333333333,4133.666666666667,2,0,0,0,2.5–5k,100–150k,301–360
LP002836,Male,N,0,Graduate,N,3333,0.0,70.0,360.0,1.0,Urban,Y,3333.0,0.04761428571428571,194.44444444444446,3138.5555555555557,1,1,1,0,2.5–5k,<100k,301–360
LP002837,Male,Y,3,Graduate,N,3400,2500.0,123.0,360.0,0.0,Rural,N,5900.0,0.04796747967479675,341.6666666666667,5558.333333333333,5,0,1,0,5–10k,100–150k,301–360
LP002840,Female,N,0,Graduate,N,2378,0.0,9.0,360.0,1.0,Urban,N,2378.0,0.26422222222222225,25.0,2353.0,1,1,1,0,<2.5k,<100k,301–360
LP002841,Male,Y,0,Graduate,N,3166,2064.0,104.0,360.0,0.0,Urban,N,5230.0,0.05028846153846154,288.8888888888889,4941.111111111111,2,0,1,0,5–10k,100–150k,301–360
LP002842,Male,Y,1,Graduate,N,3417,1750.0,186.0,360.0,1.0,Urban,Y,5167.0,0.027779569892473117,516.6666666666666,4650.333333333333,3,1,1,0,5–10k,150–200k,301–360
LP002847,Male,Y,0,Graduate,N,5116,1451.0,165.0,360.0,0.0,Urban,N,6567.0,0.0398,458.3333333333333,6108.666666666667,2,0,1,0,5–10k,150–200k,301–360
LP002855,Male,Y,2,Graduate,N,16666,0.0,275.0,360.0,1.0,Urban,Y,16666.0,0.060603636363636366,763.8888888888889,15902.111111111111,4,1,1,0,10–20k,200–300k,301–360
LP002862,Male,Y,2,Not Graduate,N,6125,1625.0,187.0,480.0,1.0,Semiurban,N,7750.0,0.04144385026737968,389.5833333333333,7360.416666666667,4,1,0,0,5–10k,150–200k,>360
LP002863,Male,Y,3,Graduate,N,6406,0.0,150.0,360.0,1.0,Semiurban,N,6406.0,0.042706666666666664,416.6666666666667,5989.333333333333,5,1,1,0,5–10k,100–150k,301–360
LP002868,Male,Y,2,Graduate,N,3159,461.0,108.0,84.0,1.0,Urban,Y,3620.0,0.03351851851851852,1285.7142857142858,2334.285714285714,4,1,1,0,2.5–5k,100–150k,<=180
LP002872,Nan,Y,0,Graduate,N,3087,2210.0,136.0,360.0,0.0,Semiurban,N,5297.0,0.03894852941176471,377.77777777777777,4919.222222222223,2,0,1,0,5–10k,100–150k,301–360
LP002874,Male,N,0,Graduate,N,3229,2739.0,110.0,360.0,1.0,Urban,Y,5968.0,0.05425454545454545,305.55555555555554,5662.444444444444,1,1,1,0,5–10k,100–150k,301–360
LP002877,Male,Y,1,Graduate,N,1782,2232.0,107.0,360.0,1.0,Rural,Y,4014.0,0.03751401869158878,297.22222222222223,3716.777777777778,3,1,1,0,2.5–5k,100–150k,301–360
LP002888,Male,N,0,Graduate,,3182,2917.0,161.0,360.0,1.0,Urban,Y,6099.0,0.037881987577639754,447.22222222222223,5651.777777777777,1,1,1,0,5–10k,150–200k,301–360
LP002892,Male,Y,2,Graduate,N,6540,0.0,205.0,360.0,1.0,Semiurban,Y,6540.0,0.031902439024390244,569.4444444444445,5970.555555555556,4,1,1,0,5–10k,200–300k,301–360
LP002893,Male,N,0,Graduate,N,1836,33837.0,90.0,360.0,1.0,Urban,N,35673.0,0.39636666666666664,250.0,35423.0,1,1,1,0,>20k,<100k,301–360
LP002894,Female,Y,0,Graduate,N,3166,0.0,36.0,360.0,1.0,Semiurban,Y,3166.0,0.08794444444444445,100.0,3066.0,2,1,1,0,2.5–5k,<100k,301–360
LP002898,Male,Y,1,Graduate,N,1880,0.0,61.0,360.0,,Rural,N,1880.0,0.03081967213114754,169.44444444444446,1710.5555555555557,3,0,1,0,<2.5k,<100k,301–360
LP002911,Male,Y,1,Graduate,N,2787,1917.0,146.0,360.0,0.0,Rural,N,4704.0,0.03221917808219178,405.55555555555554,4298.444444444444,3,0,1,0,2.5–5k,100–150k,301–360
LP002912,Male,Y,1,Graduate,N,4283,3000.0,172.0,84.0,1.0,Rural,N,7283.0,0.042343023255813954,2047.6190476190477,5235.380952380952,3,1,1,0,5–10k,150–200k,<=180
LP002916,Male,Y,0,Graduate,N,2297,1522.0,104.0,360.0,1.0,Urban,Y,3819.0,0.03672115384615385,288.8888888888889,3530.1111111111113,2,1,1,0,2.5–5k,100–150k,301–360
LP002917,Female,N,0,Not Graduate,N,2165,0.0,70.0,360.0,1.0,Semiurban,Y,2165.0,0.03092857142857143,194.44444444444446,1970.5555555555557,1,1,0,0,<2.5k,<100k,301–360
LP002925,Nan,N,0,Graduate,N,4750,0.0,94.0,360.0,1.0,Semiurban,Y,4750.0,0.05053191489361702,261.1111111111111,4488.888888888889,1,1,1,0,2.5–5k,<100k,301–360
LP002926,Male,Y,2,Graduate,Y,2726,0.0,106.0,360.0,0.0,Semiurban,N,2726.0,0.025716981132075472,294.44444444444446,2431.5555555555557,4,0,1,1,2.5–5k,100–150k,301–360
LP002928,Male,Y,0,Graduate,N,3000,3416.0,56.0,180.0,1.0,Semiurban,Y,6416.0,0.11457142857142857,311.1111111111111,6104.888888888889,2,1,1,0,5–10k,<100k,<=180
LP002931,Male,Y,2,Graduate,Y,6000,0.0,205.0,240.0,1.0,Semiurban,N,6000.0,0.02926829268292683,854.1666666666666,5145.833333333333,4,1,1,1,5–10k,200–300k,181–240
LP002933,Nan,N,3,Graduate,Y,9357,0.0,292.0,360.0,1.0,Semiurban,Y,9357.0,0.0320445205479452,811.1111111111111,8545.888888888889,4,1,1,1,5–10k,200–300k,301–360
LP002936,Male,Y,0,Graduate,N,3859,3300.0,142.0,180.0,1.0,Rural,Y,7159.0,0.05041549295774648,788.8888888888889,6370.111111111111,2,1,1,0,5–10k,100–150k,<=180
LP002938,Male,Y,0,Graduate,Y,16120,0.0,260.0,360.0,1.0,Urban,Y,16120.0,0.062,722.2222222222222,15397.777777777777,2,1,1,1,10–20k,200–300k,301–360
LP002940,Male,N,0,Not Graduate,N,3833,0.0,110.0,360.0,1.0,Rural,Y,3833.0,0.03484545454545455,305.55555555555554,3527.4444444444443,1,1,0,0,2.5–5k,100–150k,301–360
LP002941,Male,Y,2,Not Graduate,Y,6383,1000.0,187.0,360.0,1.0,Rural,N,7383.0,0.03948128342245989,519.4444444444445,6863.555555555556,4,1,0,1,5–10k,150–200k,301–360
LP002943,Male,N,0,Graduate,N,2987,0.0,88.0,360.0,0.0,Semiurban,N,2987.0,0.03394318181818182,244.44444444444446,2742.5555555555557,1,0,1,0,2.5–5k,<100k,301–360
LP002945,Male,Y,0,Graduate,Y,9963,0.0,180.0,360.0,1.0,Rural,Y,9963.0,0.05535,500.0,9463.0,2,1,1,1,5–10k,150–200k,301–360
LP002948,Male,Y,2,Graduate,N,5780,0.0,192.0,360.0,1.0,Urban,Y,5780.0,0.030104166666666668,533.3333333333334,5246.666666666667,4,1,1,0,5–10k,150–200k,301–360
LP002949,Female,N,3,Graduate,,416,41667.0,350.0,180.0,,Urban,N,42083.0,0.12023714285714286,1944.4444444444443,40138.555555555555,4,0,1,0,>20k,>300k,<=180
LP002950,Male,Y,0,Not Graduate,,2894,2792.0,155.0,360.0,1.0,Rural,Y,5686.0,0.036683870967741936,430.55555555555554,5255.444444444444,2,1,0,0,5–10k,150–200k,301–360
LP002953,Male,Y,3,Graduate,N,5703,0.0,128.0,360.0,1.0,Urban,Y,5703.0,0.0445546875,355.55555555555554,5347.444444444444,5,1,1,0,5–10k,100–150k,301–360
LP002958,Male,N,0,Graduate,N,3676,4301.0,172.0,360.0,1.0,Rural,Y,7977.0,0.04637790697674419,477.77777777777777,7499.222222222223,1,1,1,0,5–10k,150–200k,301–360
LP002959,Female,Y,1,Graduate,N,12000,0.0,496.0,360.0,1.0,Semiurban,Y,12000.0,0.024193548387096774,1377.7777777777778,10622.222222222223,3,1,1,0,10–20k,>300k,301–360
LP002960,Male,Y,0,Not Graduate,N,2400,3800.0,,180.0,1.0,Urban,N,6200.0,0.041426539654408505,365.2777777777778,4970.333333333333,2,1,0,0,5–10k,Unknown,<=180
LP002961,Male,Y,1,Graduate,N,3400,2500.0,173.0,360.0,1.0,Semiurban,Y,5900.0,0.03410404624277456,480.55555555555554,5419.444444444444,3,1,1,0,5–10k,150–200k,301–360
LP002964,Male,Y,2,Not Graduate,N,3987,1411.0,157.0,360.0,1.0,Rural,Y,5398.0,0.03438216560509554,436.1111111111111,4961.888888888889,4,1,0,0,5–10k,150–200k,301–360
LP002974,Male,Y,0,Graduate,N,3232,1950.0,108.0,360.0,1.0,Rural,Y,5182.0,0.04798148148148148,300.0,4882.0,2,1,1,0,5–10k,100–150k,301–360
LP002978,Female,N,0,Graduate,N,2900,0.0,71.0,360.0,1.0,Rural,Y,2900.0,0.04084507042253521,197.22222222222223,2702.777777777778,1,1,1,0,2.5–5k,<100k,301–360
LP002979,Male,Y,3,Graduate,N,4106,0.0,40.0,180.0,1.0,Rural,Y,4106.0,0.10265,222.22222222222223,3883.777777777778,5,1,1,0,2.5–5k,<100k,<=180
LP002983,Male,Y,1,Graduate,N,8072,240.0,253.0,360.0,1.0,Urban,Y,8312.0,0.03285375494071146,702.7777777777778,7609.222222222223,3,1,1,0,5–10k,200–300k,301–360
LP002984,Male,Y,2,Graduate,N,7583,0.0,187.0,360.0,1.0,Urban,Y,7583.0,0.04055080213903743,519.4444444444445,7063.555555555556,4,1,1,0,5–10k,150–200k,301–360
LP002990,Female,N,0,Graduate,Y,4583,0.0,133.0,360.0,0.0,Semiurban,N,4583.0,0.034458646616541355,369.44444444444446,4213.555555555556,1,0,1,1,2.5–5k,100–150k,301–360
